threshold,config,variant,n,hit_rate,PAD_B_raw,PAD_B_acc_cal,delta,delta_lo,delta_hi,gap_vs_const,gap_lo,gap_hi
3,haiku:standard,conf,1412,0.3567438148443735,0.17959169027384325,0.12073409157187494,-0.058857598701968314,-0.07233643612264902,-0.044804208676210946,0.02214747337690963,0.01770546874479094,0.02713998603401361
3,haiku:standard,conf+ans,1412,0.3567438148443735,0.17959169027384325,0.10031712512229582,-0.07927456515154743,-0.09355519599989065,-0.06321797725240408,0.0017305069273305172,-0.002118522047732707,0.0059411322995413
3,haiku:thinking,conf,1413,0.3660287081339713,0.18082380278367538,0.12186945508481663,-0.05895434769885875,-0.07306795485398869,-0.04399160294199945,0.02326461097474582,0.018360877158960027,0.02860258362026569
3,haiku:thinking,conf+ans,1413,0.3660287081339713,0.18082380278367538,0.10100954726566715,-0.07981425551800826,-0.09497931050602036,-0.062298327605156786,0.00240470315559631,-0.0012516827429511258,0.006706881293198031
3,sonnet:standard,conf,1413,0.44577352472089316,0.15020891719745222,0.12302414434850392,-0.0271847728489483,-0.03769446708705208,-0.01719361975664617,0.0244193002384331,0.01850784381654363,0.029842301909222217
3,sonnet:standard,conf+ans,1413,0.44577352472089316,0.15020891719745222,0.08941123209458372,-0.06079768510286851,-0.07495783839044204,-0.045919928779388046,-0.009193612015487098,-0.013021533140220247,-0.005122254738416356
3,sonnet:thinking,conf,1413,0.4649122807017544,0.16897419202642133,0.1227758518117781,-0.04619834021464324,-0.059482307836668705,-0.03400312203910206,0.024171007701707256,0.018722896237270335,0.029250000603718615
3,sonnet:thinking,conf+ans,1413,0.4649122807017544,0.16897419202642133,0.08688762109910958,-0.08208657092731174,-0.09798148575791488,-0.06542155466076316,-0.011717223010961245,-0.015815662930112388,-0.007742089302690125
3,opus:standard,conf,1413,0.4218500797448166,0.15776237320122669,0.11964795486406105,-0.03811441833716566,-0.04997858814542507,-0.026133505426159907,0.021043110753990214,0.015164229313658994,0.026723563751454765
3,opus:standard,conf+ans,1413,0.4218500797448166,0.15776237320122669,0.0883779510962641,-0.0693844221049626,-0.08420929922797811,-0.05301581458146843,-0.010226893013806717,-0.014107053961679083,-0.006413141566626065
3,opus:thinking,conf,1413,0.45215311004784686,0.17530207596131162,0.12246732378117119,-0.052834752180140436,-0.06556584788702009,-0.040089630673672,0.02386247967110036,0.01790524453638119,0.029371625799282763
3,opus:thinking,conf+ans,1413,0.45215311004784686,0.17530207596131162,0.08608195313471868,-0.08922012282659293,-0.1052800084493895,-0.07203814986735951,-0.012522890975352134,-0.016420372023047903,-0.008660791649856371
3,gemini:standard,conf,1350,0.43755238893545684,0.2183905267489712,0.12333932741430713,-0.09505119933466405,-0.11215937393684557,-0.07823286821437254,0.024390372148214823,0.018772639036738554,0.029995181694985783
3,gemini:standard,conf+ans,1350,0.43755238893545684,0.2183905267489712,0.0851485311495346,-0.13324199559943659,-0.1511218852947265,-0.1143199058643541,-0.013800424116557703,-0.017895193468726273,-0.009479914269298504
3,gemini:thinking,conf,1413,0.5095693779904307,0.1498373908940788,0.1170735560213572,-0.03276383487272158,-0.04183631338432049,-0.023946014223342263,0.018468711911286382,0.01154980421992608,0.024399933569023462
3,gemini:thinking,conf+ans,1413,0.5095693779904307,0.1498373908940788,0.10509379103650988,-0.044743599857568886,-0.05764950805398441,-0.032464845361002644,0.006488946926439078,0.0022195814321047,0.01152058097615782
3,deepseek:standard,conf,1413,0.4393939393939394,0.11620665251238499,0.09290981018307638,-0.023296842329308627,-0.03131937430738033,-0.014811536490894554,-0.005695033926994452,-0.010997842532971222,-0.0007796412129998613
3,deepseek:standard,conf+ans,1413,0.4393939393939394,0.11620665251238499,0.08981233556273455,-0.026394316949650456,-0.03769393117358545,-0.014010588765113007,-0.008792508547336283,-0.012490888974327728,-0.004973313378836058
3,deepseek:thinking,conf,1413,0.4433811802232855,0.18539056381221986,0.11970047242750335,-0.06569009138471651,-0.07812556521396787,-0.05346196981471963,0.021095628317432526,0.013192937699725264,0.028110790162010003
3,deepseek:thinking,conf+ans,1413,0.4433811802232855,0.18539056381221986,0.10773582511744212,-0.07765473869477775,-0.09110696789935746,-0.06323583567844392,0.009130981007371282,0.00540461284760616,0.013206217372614902
4,haiku:standard,conf,1412,0.8432956381260097,0.21709621498268808,0.08463125076420634,-0.13246496421848172,-0.15681087451987677,-0.1091807129064217,-0.012355592630226042,-0.020021695355780907,-0.004653415201905112
4,haiku:standard,conf+ans,1412,0.8432956381260097,0.21709621498268808,0.08443788233831072,-0.13265833264437735,-0.1564645418987731,-0.109753652357702,-0.01254896105612167,-0.020058138781621847,-0.004922552799427748
4,haiku:thinking,conf,1413,0.837772397094431,0.21956505465125423,0.08719533293727344,-0.13236972171398081,-0.1579133635720312,-0.10850500434780859,-0.009776647495158402,-0.018550234938418717,-0.001232213223515612
4,haiku:thinking,conf+ans,1413,0.837772397094431,0.21956505465125423,0.08560626276178883,-0.13395879188946538,-0.15886477499562265,-0.11049233549840165,-0.011365717670643009,-0.019253833246782724,-0.003924282105168853
4,sonnet:standard,conf,1413,0.8595641646489104,0.07643896359204215,0.07734572506100142,0.0009067614689592712,-0.005130377464276953,0.007740086211075269,-0.01962625537143042,-0.029342510245068044,-0.010730173040152257
4,sonnet:standard,conf+ans,1413,0.8595641646489104,0.07643896359204215,0.07272658995701582,-0.0037123736350263233,-0.010092600537499713,0.0035270656747653467,-0.02424539047541601,-0.032974741102588426,-0.01638687421930644
4,sonnet:thinking,conf,1413,0.8418079096045198,0.07632950381379255,0.08175180161732132,0.0054222978035287465,0.00011124437281812764,0.01117151298418764,-0.015220178815110532,-0.02510991125662184,-0.006294146262269854
4,sonnet:thinking,conf+ans,1413,0.8418079096045198,0.07632950381379255,0.07631716630604216,-1.233750775039767e-05,-0.005465947029432344,0.005889753518119167,-0.020654814126389677,-0.029168979466873475,-0.013000004430497336
4,opus:standard,conf,1413,0.8547215496368039,0.07344276165762365,0.07748745269072921,0.004044691033105557,-0.001572233079569243,0.009928717427680684,-0.019484527741702628,-0.028813822201506505,-0.010378953305006803
4,opus:standard,conf+ans,1413,0.8547215496368039,0.07344276165762365,0.07451826051585789,0.001075498858234243,-0.004687642583850803,0.007518924044970456,-0.022453719916573942,-0.030888502765824777,-0.01482311250389366
4,opus:thinking,conf,1413,0.8418079096045198,0.07242384210112449,0.0788398981836706,0.006416056082546123,0.0019534314469658626,0.01138013115282388,-0.018132082248761235,-0.027521624758100185,-0.00932700283684056
4,opus:thinking,conf+ans,1413,0.8418079096045198,0.07242384210112449,0.07441987734595726,0.0019960352448327888,-0.0029605202124130406,0.007275455389715328,-0.02255210308647457,-0.03085400065522542,-0.015131399879310168
4,gemini:standard,conf,1350,0.8421940928270042,0.07436624691358024,0.08148930399753182,0.007123057083951573,0.004217638910275328,0.010377908317739349,-0.015241305279349335,-0.02479217523501431,-0.004793381765757327
4,gemini:standard,conf+ans,1350,0.8421940928270042,0.07436624691358024,0.07854937135897709,0.004183124445396839,0.0007521253983917643,0.007474818674181746,-0.018181237917904068,-0.02639181476370165,-0.009429093918528699
4,gemini:thinking,conf,1413,0.655367231638418,0.17804903672249744,0.13540490533758237,-0.04264413138491507,-0.05448862326732079,-0.03341714584604681,0.03843292490515053,0.026784775505707795,0.05067350980172082
4,gemini:thinking,conf+ans,1413,0.655367231638418,0.17804903672249744,0.0927066388243866,-0.08534239789811085,-0.10120800708775646,-0.07001484139290969,-0.004265341608045237,-0.008611892013857272,-6.230912933542722e-05
4,deepseek:standard,conf,1413,0.8627925746569814,0.11391346229456634,0.07944590516756728,-0.03446755712699905,-0.044716232831608776,-0.02393826709643813,-0.017526075264864566,-0.02657369741091658,-0.008961499283582433
4,deepseek:standard,conf+ans,1413,0.8627925746569814,0.11391346229456634,0.07687294758706438,-0.037040514707501956,-0.04778183863801221,-0.026388616511763278,-0.020099032845367463,-0.028483864046207293,-0.012065827833725081
4,deepseek:thinking,conf,1413,0.5205811138014528,0.1674297633089565,0.13185964489769425,-0.035570118411262244,-0.04555262159220932,-0.0251215577221376,0.03488766446526244,0.024697957747646875,0.04429689196432905
4,deepseek:thinking,conf+ans,1413,0.5205811138014528,0.1674297633089565,0.09307657199816388,-0.07435319131079261,-0.09071355010325077,-0.06001725541234305,-0.0038954084342679458,-0.00712750255898528,-0.000469450599918492
