config,impurity,permutation,permutation_std
haiku:standard,0.09054585206538665,0.021703437643228962,0.0113790602517134
haiku:thinking,0.10535271970815359,0.019238564683917374,0.009863308433872158
sonnet:standard,0.08535576081536615,0.06353870173034275,0.01850343489829097
sonnet:thinking,0.0719694308955555,0.004278468516459304,0.012860664827494931
opus:standard,0.08427980124546063,0.0211244654096327,0.02141741798836034
opus:thinking,0.09237998981664026,0.02948903917509681,0.015428401556214945
gemini:standard,0.08580567529974921,0.009541295925345375,0.017785908132974516
gemini:thinking,0.10159355711002252,0.0055257531962002865,0.013392697774391152
deepseek:standard,0.09635808855631328,0.025028328599985012,0.007169274909362205
deepseek:thinking,0.0688415984625993,0.033185631542492676,0.01823689247254032
