config,subtlety,spiculation,margin,extent,n_raters,malignancy_extremity,R2_all
haiku:standard,0.16109397006496212,0.17743528287555996,0.03708694968559553,0.07750518738807644,0.011629218788475847,0.10942962534067356,0.05377198540424988
haiku:thinking,0.15223074060543412,0.19206226278099225,0.04688244980898195,0.10496658570806847,0.048714295662686986,0.12626725163573846,0.05556428917424905
sonnet:standard,-0.12662811793075165,-0.21370947014008532,0.2563117253638618,-0.12180650923413162,0.004638109379833874,0.10696253677117773,0.15391410249889437
sonnet:thinking,0.1788568814102078,-0.33949775018717515,0.6294803291103259,-0.16421346719029364,0.13407972288822623,0.20199403940043767,0.4342827990638439
opus:standard,-0.10445197332904305,-0.1882955032386248,0.27548294443748494,-0.133217641034023,0.02952584718449332,0.1116977100066318,0.14706341390559696
opus:thinking,0.13946706765391295,-0.25609837824801834,0.5371954934650698,-0.13247806762467962,0.09526932382683599,0.1680686272995809,0.30605231866971616
gemini:standard,0.1120842328522468,-0.3466998248464077,0.6371550879561052,-0.21938105134597335,0.117522093171929,0.17758994284132834,0.4409169723298966
gemini:thinking,0.18547876099373473,0.07636297341936939,0.28166510829591623,0.0369377537578894,0.03962340524845312,0.22123538314633182,0.12945245100941727
deepseek:standard,0.6389862113272751,0.6029018494078678,0.357539849479637,0.44147647334955276,0.1810355508612891,0.4271569293877389,0.7581502207689945
deepseek:thinking,-0.353264165349756,-0.08729380262576314,-0.2567035046884792,-0.11408391422332569,-0.10019296961154919,-0.022522151999220495,0.18608600446671908
