config,mi,p_value,null_mean,null_p95,excess,bonferroni_sig
haiku:standard,0.02567036321805727,0.14085914085914086,0.010444071633243809,0.0338523074371607,-0.008181944219103433,False
haiku:thinking,0.025085541889962926,0.04495504495504495,0.004742126393276291,0.023799843017924788,0.001285698872038138,False
sonnet:standard,0.012647400696812028,0.1888111888111888,0.005682069206752673,0.026033159131753473,-0.013385758434941445,False
sonnet:thinking,0.057968807047598325,0.000999000999000999,0.007263794733722929,0.028387316641720717,0.029581490405877608,True
opus:standard,0.05733611581096021,0.000999000999000999,0.012185203754235414,0.03745654524325773,0.01987957056770248,True
opus:thinking,0.037456076380219194,0.01998001998001998,0.0066364551949953405,0.02868753823424388,0.008768538145975315,False
gemini:standard,0.04178220941225952,0.006993006993006993,0.005949811889680125,0.027062871352552254,0.014719338059707265,False
gemini:thinking,0.12285295030814147,0.000999000999000999,0.010044923745987921,0.034055601518027154,0.08879734879011432,True
deepseek:standard,0.09475103202570434,0.000999000999000999,0.014934163358726672,0.04097710406236874,0.0537739279633356,True
deepseek:thinking,0.09057251540796596,0.000999000999000999,0.009228267696120736,0.03479321056298684,0.055779304844979116,True
oracle:rating-independent,0.11777328037159496,0.000999000999000999,0.006001119144404207,0.025889928084986375,0.09188335228660859,True
