threshold,config,decoupled,recalibrated,ideal
3,haiku:standard,0.17695259028074298,0.038688272028190876,0.010933377109437302
3,haiku:thinking,0.17437177171822324,0.0391968946735139,0.011014447737880113
3,sonnet:standard,0.19482758936740616,0.04460440447875754,0.011649624361676492
3,sonnet:thinking,0.23045725926548666,0.044732014536179275,0.012066853433481883
3,opus:standard,0.21505162781001516,0.04244816702048251,0.011594975151852713
3,opus:thinking,0.24586691699247223,0.043898741606901576,0.011825172061995319
3,gemini:standard,0.31657643991639034,0.04346345256508246,0.011457492846842792
3,gemini:thinking,0.18550608697074375,0.04710031989525893,0.015031410042520144
3,deepseek:standard,0.14678633607452754,0.04206176835747439,0.011455555623093597
3,deepseek:thinking,0.25310701943963726,0.04694601543939391,0.015806862553671214
4,haiku:standard,0.0580637942919374,0.06703149010025809,0.01444455447534078
4,haiku:thinking,0.057210506327725334,0.0682003755550157,0.014630044263207397
4,sonnet:standard,0.05477178978092687,0.07002454554958731,0.015400408059350714
4,sonnet:thinking,0.07673788328511259,0.0683360945406085,0.015283957453279528
4,opus:standard,0.0617727559474561,0.06855650989980891,0.015469569935758293
4,opus:thinking,0.08020788672902558,0.06811857200938924,0.01522092374389588
4,gemini:standard,0.11420199775304575,0.06625189207413597,0.01526294510638456
4,gemini:thinking,0.16956429939518095,0.0543347611556097,0.014646349860246828
4,deepseek:standard,0.06708412460434275,0.06878238264744563,0.015267311039559561
4,deepseek:thinking,0.2139505104197402,0.04911163734910246,0.013860743896951097
