config,n,conf_mean,conf_sd,r,r_lo,r_hi,PAD,gap,gap_lo,gap_hi,signed_high,signed_contested,signed_ambiguous,ECE
haiku:standard,1412,0.527556657223796,0.28792639333649267,0.04186258060680831,-0.00874362982447556,0.09139642465077095,0.35726628895184137,0.21438385269121815,0.20254213881019828,0.22679833569405097,-0.4452660550458715,-0.2161581920903955,0.06836477987421384,0.23867517956903433
haiku:thinking,1413,0.5211464968152867,0.27999006993204506,0.08296519303556349,0.02898708753580799,0.12935390238527592,0.3524769992922859,0.209518754423213,0.19698643548006606,0.22271054493984432,-0.43415750915750917,-0.2365819209039548,0.0640251572327044,0.2343221690590112
sonnet:standard,1413,0.6682307147912244,0.08107372505212376,-0.07798206603921944,-0.13189693479673714,-0.024157262077791092,0.19306912007548946,0.05011087520641658,0.04537962962962963,0.054994928049068185,-0.33869963369963374,-0.043545197740112986,0.18377358490566037,0.22048644338118026
sonnet:thinking,1413,0.7062915782024063,0.09648004487242427,-0.0406087447114366,-0.09275327267161554,0.007250593384082246,0.18175041283321539,0.038792167964142504,0.03439726350554376,0.04329706298655343,-0.297985347985348,-0.009194915254237285,0.2292452830188679,0.2468580542264753
opus:standard,1413,0.6846426043878273,0.08894738902865422,-0.07567042867475761,-0.128039408283306,-0.02330584673846855,0.18564048124557678,0.042682236376503896,0.038043111582920466,0.047641306912007506,-0.32241758241758234,-0.027570621468926547,0.20257861635220126,0.26157097288676245
opus:thinking,1413,0.7231705590941259,0.10961037570558778,-0.06864029789079626,-0.12106346386656824,-0.016697670237749897,0.18497523000707713,0.042016985138004254,0.03703780372729413,0.04708268459542345,-0.28476190476190477,0.00887005649717514,0.25339622641509435,0.26874800637958524
gemini:standard,1350,0.7945555555555556,0.10609598496027717,-0.07848031937656533,-0.12978109675461585,-0.02542457993088211,0.1779333333333333,0.034723456790123425,0.02944370370370371,0.040135925925925936,-0.21527938342967246,0.08184470820969338,0.3219745222929936,0.3533948030176027
gemini:thinking,1413,0.6648549186128804,0.18055331967146088,0.07065008855804948,0.01508542600598276,0.12326069973038918,0.20880160415192264,0.06584335928284976,0.05731705590941262,0.07466867185656993,-0.3211538461538462,-0.05515536723163843,0.14522012578616356,0.19053429027113244
deepseek:standard,1413,0.6387473460721868,0.1129795990908106,0.257785239291526,0.21216747250577267,0.30272471617823354,0.1978296768105685,0.05487143194149563,0.04851144137768342,0.061106687898089145,-0.32335164835164837,-0.10063559322033898,0.12327044025157231,0.24477671451355654
deepseek:thinking,1413,0.7034890304317055,0.08168648349182081,-0.0653032231898977,-0.11435052336976281,-0.016559644786104416,0.1786128803963199,0.035654635527247014,0.03150967209247463,0.03984949280490681,-0.3050915750915751,-0.001680790960451979,0.1952830188679245,0.2611483253588517
