config,n,PAD_B,PAD_B_lo,PAD_B_hi,const_B,gap_B,gap_B_lo,gap_B_hi,gap_B_iid_lo,gap_B_iid_hi,PAD_L1,const_L1_0.75,gap_L1,gap_L1_lo,gap_L1_hi,r_c_f,r_c_f_lo,r_c_f_hi,r_p_f,r_p_f_lo,r_p_f_hi,r_c_pi_old,match_majority,n_ties_excl,frac_answer_malignant
haiku:standard,1412,0.17959169027384325,0.16597077539420807,0.19464808884754276,0.09858661819496532,0.08100507207887793,0.06559750095312823,0.09475620076232341,0.06973040886206681,0.09223112775614489,0.35726628895184137,0.14288243626062322,0.21438385269121815,0.19484703353762345,0.23512745490862122,0.013422806241799519,-0.059510209355823115,0.08813368941940052,0.10963932900947969,0.03757844105110382,0.18293596744469484,0.04186258060680831,0.3567438148443735,159,0.10198300283286119
haiku:thinking,1413,0.18082380278367538,0.16869584919035774,0.19419223188283055,0.09860484411007084,0.08221895867360454,0.0667067720566929,0.09688224587116716,0.07178351576504491,0.09216740067502469,0.3524769992922859,0.14295824486907288,0.209518754423213,0.18908378525443384,0.2292356622893223,0.03675572653553717,-0.03464937226300672,0.10522248456769902,0.079058552867344,0.009494179923113685,0.15098463957700117,0.08296519303556349,0.3660287081339713,159,0.11960368011323426
sonnet:standard,1413,0.15020891719745222,0.14108218188680255,0.1588099975583097,0.09860484411007084,0.05160407308738138,0.03811295522036483,0.06352635837294254,0.042232889994869564,0.06138688695582271,0.19306912007548946,0.14295824486907288,0.05011087520641658,0.04459533137717252,0.055839989227454576,-0.2560945958930251,-0.3138174960677034,-0.19687904538026613,0.42978296671437693,0.3878896430360271,0.4714179430436277,-0.07798206603921944,0.44577352472089316,159,0.19957537154989385
sonnet:thinking,1413,0.16897419202642133,0.15738769808078068,0.17983763969078012,0.09860484411007084,0.0703693479163505,0.05400553367739057,0.08483378124170349,0.059404012712975754,0.08187472341677146,0.18175041283321539,0.14295824486907288,0.038792167964142504,0.033644133258889174,0.043828742597515055,-0.3326697901503704,-0.3870803100074753,-0.27894768620359484,0.44750961862151883,0.4061093690103235,0.4888519104920037,-0.0406087447114366,0.4649122807017544,159,0.21443736730360935
opus:standard,1413,0.15776237320122669,0.14771802934625444,0.1667412459314605,0.09860484411007084,0.05915752909115585,0.04490502624937456,0.07240414125770943,0.04902491391398611,0.06962822297192499,0.18564048124557678,0.14295824486907288,0.042682236376503896,0.03734264944301496,0.048022041817147414,-0.2626975815484604,-0.3166157250576822,-0.20840151029864576,0.4294212046971426,0.3915422291354771,0.46561900864233824,-0.07567042867475761,0.4218500797448166,159,0.1726822363765039
opus:thinking,1413,0.17530207596131162,0.16381720510515843,0.1862298540574442,0.09860484411007084,0.07669723185124078,0.06007862855123895,0.0917290374544764,0.06506027771224868,0.08879150084010787,0.18497523000707713,0.14295824486907288,0.042016985138004254,0.036407176567301996,0.04737990766523612,-0.29674378274155905,-0.34840558912060693,-0.24453446841523127,0.4490769431264042,0.4115542191625388,0.4858761523763937,-0.06864029789079626,0.45215311004784686,159,0.19957537154989385
gemini:standard,1350,0.2183905267489712,0.20309675383408987,0.23259365111069935,0.09894895526609233,0.11944157148287886,0.10028449970200334,0.13788900888538233,0.1059036193531837,0.13320026929289694,0.1779333333333333,0.14320987654320988,0.034723456790123425,0.027572126797025445,0.04141652317419532,-0.36285403174246017,-0.41115814239135023,-0.3137786414582203,0.4486820244328415,0.4108400578839606,0.4856682047676261,-0.07848031937656533,0.43755238893545684,157,0.17851851851851852
gemini:thinking,1413,0.1498373908940788,0.13805658779598248,0.16213471583126912,0.09860484411007084,0.05123254678400796,0.03964164289021862,0.06265315585046058,0.04284561992055706,0.06062153342684375,0.20880160415192264,0.14295824486907288,0.06584335928284976,0.05340999938399366,0.07912348722410163,-0.10864231342975754,-0.1716593996405685,-0.04418304587778411,0.16381002760766106,0.08785684665093049,0.2401216880200077,0.07065008855804948,0.5095693779904307,159,0.4281670205237084
deepseek:standard,1413,0.11620665251238499,0.10850794495715729,0.12390544050088656,0.09860484411007084,0.01760180840231415,0.005488495351800931,0.028149538223944018,0.009213874599792627,0.02598050162345167,0.1978296768105685,0.14295824486907288,0.05487143194149563,0.0466707118840697,0.06337512866598582,0.08697578255309203,0.02779847524377858,0.14272384164210672,0.40960351005204154,0.3653771728272195,0.45332476519586135,0.257785239291526,0.4393939393939394,159,0.18471337579617833
deepseek:thinking,1413,0.18539056381221986,0.17295562862686176,0.19870328957804104,0.09860484411007084,0.08678571970214902,0.07617194936286245,0.09777724590559048,0.0777711336155508,0.09598749285190405,0.1786128803963199,0.14295824486907288,0.035654635527247014,0.030637226682525557,0.04037385562871831,-0.12335012730294859,-0.17543389716953176,-0.07325838778016334,-0.07410621721302227,-0.13887749377328232,-0.005739921228277485,-0.0653032231898977,0.4433811802232855,159,0.48336871903750883
