threshold,config,n,p_star,const_B,PAD_B,gap_B,gap_lo,gap_hi,PAD_B_answer_only,r_p_f,r_a_f,match_majority,n_ties_excl,frac_answer_malignant
3,haiku:standard,1412,0.647381457891012,0.09858661819496532,0.17959169027384325,0.08100507207887793,0.06582562222918285,0.09699740794009748,0.09133160846952211,0.10963932900947969,0.2712740714183553,0.3567438148443735,159,0.10198300283286119
3,haiku:thinking,1413,0.647381457891012,0.09860484411007084,0.18082380278367538,0.08221895867360454,0.0668144354086826,0.09669349650632672,0.09188288125070519,0.079058552867344,0.261095224694236,0.3660287081339713,159,0.11960368011323426
3,sonnet:standard,1413,0.647381457891012,0.09860484411007084,0.15020891719745222,0.05160407308738138,0.0385966780444856,0.0634506452747682,0.08654403372011239,0.42978296671437693,0.34973501827622605,0.44577352472089316,159,0.19957537154989385
3,sonnet:thinking,1413,0.647381457891012,0.09860484411007084,0.16897419202642133,0.0703693479163505,0.05482993719757055,0.08567383335780474,0.08551814608642823,0.44750961862151883,0.3643056570594321,0.4649122807017544,159,0.21443736730360935
3,opus:standard,1413,0.647381457891012,0.09860484411007084,0.15776237320122669,0.05915752909115585,0.04536584421295744,0.07190142860548153,0.08827204145229796,0.4294212046971426,0.3237128520501259,0.4218500797448166,159,0.1726822363765039
3,opus:thinking,1413,0.647381457891012,0.09860484411007084,0.17530207596131162,0.07669723185124078,0.06075589295722275,0.09242854539689058,0.08592038054355784,0.4490769431264042,0.35866328945970205,0.45215311004784686,159,0.19957537154989385
3,gemini:standard,1350,0.647381457891012,0.09894895526609233,0.2183905267489712,0.11944157148287886,0.09867156041261976,0.13898265375056906,0.08612608404254544,0.4486820244328415,0.3598817627087412,0.43755238893545684,157,0.17851851851851852
3,gemini:thinking,1413,0.647381457891012,0.09860484411007084,0.1498373908940788,0.05123254678400796,0.03890841234400405,0.06250545468743195,0.09646610412947297,0.16381002760766106,0.14727528389896757,0.5095693779904307,159,0.4281670205237084
3,deepseek:standard,1413,0.647381457891012,0.09860484411007084,0.11620665251238499,0.01760180840231415,0.006306125450265602,0.028481986121942138,0.08577194491745897,0.40960351005204154,0.3607557533329465,0.4393939393939394,159,0.18471337579617833
3,deepseek:thinking,1413,0.647381457891012,0.09860484411007084,0.18539056381221986,0.08678571970214902,0.07553359930104658,0.09765241602121896,0.09778281654477944,-0.07410621721302227,-0.09130489579177468,0.4433811802232855,159,0.48336871903750883
4,haiku:standard,1412,0.275654635527247,0.09698684339443239,0.21709621498268808,0.12010937158825569,0.0978959534679177,0.1442669527185328,0.07730731466118476,0.11406923013361632,0.4504541573932142,0.8432956381260097,174,0.10198300283286119
4,haiku:thinking,1413,0.275654635527247,0.09697198043243184,0.21956505465125423,0.12259307421882239,0.09985243952662572,0.14746026403429327,0.07878728954069093,0.07622746337518857,0.43304180968837197,0.837772397094431,174,0.11960368011323426
4,sonnet:standard,1413,0.275654635527247,0.09697198043243184,0.07643896359204215,-0.02053301684038969,-0.027369548641843922,-0.013516066607533815,0.06891384138986453,0.5879675058558453,0.5379058889554044,0.8595641646489104,174,0.19957537154989385
4,sonnet:thinking,1413,0.275654635527247,0.09697198043243184,0.07632950381379255,-0.020642476618639286,-0.027423332925722972,-0.014130653210822188,0.07209172395788191,0.5182859577651762,0.5065289755699536,0.8418079096045198,174,0.21443736730360935
4,opus:standard,1413,0.275654635527247,0.09697198043243184,0.07344276165762365,-0.023529218774808194,-0.030417937962292366,-0.016800334639526793,0.07272863128276985,0.5835100776572184,0.5000036509542224,0.8547215496368039,174,0.1726822363765039
4,opus:thinking,1413,0.275654635527247,0.09697198043243184,0.07242384210112449,-0.024548138331307354,-0.031485805632064406,-0.01749028282295747,0.0733228491554679,0.5484665190654227,0.4938379526245069,0.8418079096045198,174,0.19957537154989385
4,gemini:standard,1350,0.275654635527247,0.09673060927688115,0.07436624691358024,-0.022364362363300916,-0.03078315701957073,-0.014607727849102126,0.07496510370626273,0.5198936769645173,0.4743478808834047,0.8421940928270042,165,0.17851851851851852
4,gemini:thinking,1413,0.275654635527247,0.09697198043243184,0.17804903672249744,0.0810770562900656,0.06419729230497738,0.09725408439613234,0.0896536171643768,0.24303630350618163,0.2747159333669432,0.655367231638418,174,0.4281670205237084
4,deepseek:standard,1413,0.275654635527247,0.09697198043243184,0.11391346229456634,0.016941481862134497,0.005815163520952264,0.02846899807300853,0.06843024229523932,0.46856199035532636,0.542521652656691,0.8627925746569814,174,0.18471337579617833
4,deepseek:thinking,1413,0.275654635527247,0.09697198043243184,0.1674297633089565,0.07045778287652467,0.056378944659490934,0.08523489673658961,0.09688996860428473,0.12921791685143208,0.029081386872175985,0.5205811138014528,174,0.48336871903750883
