threshold,config,n,raw,shift,shift_scale,answer_only,platt_conf,platt_conf+ans,shift_share_of_platt_conf,shift_share_of_platt_conf+ans
3,haiku:standard,1412,0.17959169027384325,0.1603123071010281,0.09800428928135604,0.09150435272452373,0.12073409157187494,0.10031712512229582,0.32755979853065975,0.243197589743434
3,haiku:thinking,1413,0.18082380278367538,0.16126147763870646,0.09847646468364403,0.09201614535324543,0.12186945508481663,0.10100954726566715,0.3318215858293282,0.24509813463780455
3,sonnet:standard,1413,0.15020891719745222,0.08032818428983254,0.08042902151392405,0.08669536879621097,0.12302414434850392,0.08941123209458376,2.5705836607835835,1.1493979218021688
3,sonnet:thinking,1413,0.16897419202642133,0.07942363834406425,0.07895077911959172,0.08567199503163649,0.1227758518117781,0.08688762109910957,1.9383933116708103,1.090928183145264
3,opus:standard,1413,0.15776237320122669,0.08025423855795367,0.0803887371038841,0.0884126265728848,0.11964795486406105,0.08837795109626412,2.0335646724980787,1.1170826576320134
3,opus:thinking,1413,0.17530207596131162,0.07959443612175053,0.07879309968095574,0.0860615228708718,0.12246732378117119,0.08608195313471871,1.8114524227017337,1.0727136077314894
3,gemini:standard,1413,0.13547298891247936,0.08948457114320378,0.0856404125220332,0.0891763579639495,0.10707931009797692,0.09376438264302385,1.6196709862684786,1.1026121916462672
3,gemini:thinking,1413,0.13997850908233075,0.12444686315424076,0.09612858665897345,0.09540454375663442,0.11639962929238251,0.10406133168526818,0.6587100857400013,0.43242946839581614
3,deepseek:standard,1413,0.11620665251238499,0.08368009175710046,0.08225533983451538,0.08592235559685471,0.09290981018307638,0.08981233556273455,1.3961789454343547,1.232331975755686
3,deepseek:thinking,1413,0.18539056381221986,0.15599668065202013,0.0983412680781172,0.0980993276821695,0.11970047242750335,0.10773582511744212,0.44746296649297285,0.3785201476980368
4,haiku:standard,1412,0.21709621498268808,0.149626538753903,0.09621052402318078,0.07762438753463163,0.08463125076420634,0.08443788233831072,0.5093397837446559,0.5085973484202746
4,haiku:thinking,1413,0.21956505465125423,0.15498461248900613,0.09665626578487765,0.07900696937683681,0.08719533293727344,0.08560626276178883,0.48787926216080546,0.48209185266119686
4,sonnet:standard,1413,0.07643896359204215,0.06487349311144831,0.06350570659649749,0.06925216321423147,0.07734572506100142,0.07272658995701582,-12.754699969627165,3.115384284457083
4,sonnet:thinking,1413,0.07632950381379255,0.0710512789789628,0.07116375225968101,0.07227833907951485,0.0817518016173213,0.07631716630604216,-0.9734295359791506,427.8193733786551
4,opus:standard,1413,0.07344276165762365,0.06450474988361435,0.06398747301648706,0.07309338478318023,0.07748745269072921,0.07451826051585789,-2.2098132343984216,-8.310573001150145
4,opus:thinking,1413,0.07242384210112449,0.06822905478041362,0.06794094026071493,0.07360998479870355,0.0788398981836706,0.07441987734595726,-0.6537953014659794,-2.1015597452851114
4,gemini:standard,1413,0.10139753872768736,0.07570974634304248,0.07453460880736756,0.07627163654345151,0.0964632922767458,0.07929401341519775,5.206021353015936,1.162158163527425
4,gemini:thinking,1413,0.17327743964771566,0.10678419912437206,0.09080708242245529,0.08730779713428229,0.12626346701606359,0.09062242960747595,1.4143293323520834,0.804467151972664
4,deepseek:standard,1413,0.11391346229456634,0.07671176617033172,0.0761567806544859,0.0686239761408884,0.07944590516756728,0.07687294758706438,1.0793250008163142,1.004351489659511
4,deepseek:thinking,1413,0.1674297633089565,0.12529217900500011,0.09578863220867806,0.09742476952494947,0.13185964489769428,0.09307657199816388,1.1846343556341596,0.5667219329944211
