config,n_ambiguous,ece_band_lo,ece_band_hi,band_width
haiku:standard,159,0.23351886792452828,0.38510377358490555,0.15158490566037727
haiku:thinking,159,0.2144591194968553,0.3754748427672955,0.16101572327044017
sonnet:standard,159,0.11773584905660375,0.2623899371069182,0.14465408805031446
sonnet:thinking,159,0.15817610062893084,0.3091194968553459,0.15094339622641506
opus:standard,159,0.13025157232704415,0.2811949685534592,0.15094339622641506
opus:thinking,159,0.1873584905660377,0.33830188679245277,0.15094339622641506
gemini:standard,159,0.10377358490566037,0.25471698113207547,0.15094339622641512
gemini:thinking,159,0.12556918238993708,0.26826100628930805,0.14269182389937096
deepseek:standard,159,0.06729559748427681,0.21194968553459126,0.14465408805031443
deepseek:thinking,159,0.1290345911949686,0.27389937106918244,0.14486477987421384
