threshold,config,n,n_labelled,ECE,hit_rate,mean_conf,PAD_B
3,haiku:standard,1412,1253,0.23867517956903433,0.3567438148443735,0.5223782920989625,0.17959169027384325
3,haiku:thinking,1413,1254,0.2343221690590112,0.3660287081339713,0.5157097288676237,0.18082380278367538
3,sonnet:standard,1413,1254,0.22048644338118026,0.44577352472089316,0.6662599681020733,0.15020891719745222
3,sonnet:thinking,1413,1254,0.2468580542264753,0.4649122807017544,0.7033811802232856,0.16897419202642133
3,opus:standard,1413,1254,0.26157097288676245,0.4218500797448166,0.6823684210526316,0.15776237320122669
3,opus:thinking,1413,1254,0.26874800637958524,0.45215311004784686,0.7193381180223285,0.17530207596131162
3,gemini:standard,1413,1254,0.22603668261563,0.46172248803827753,0.6805821371610845,0.13547298891247936
3,gemini:thinking,1413,1254,0.17088516746411495,0.5087719298245614,0.6471850079744816,0.13997850908233075
3,deepseek:standard,1413,1254,0.24477671451355654,0.4393939393939394,0.6407097288676237,0.11620665251238499
3,deepseek:thinking,1413,1254,0.2611483253588517,0.4433811802232855,0.7045295055821372,0.18539056381221986
4,haiku:standard,1412,1238,0.3158723747980614,0.8432956381260097,0.5312358642972536,0.21709621498268808
4,haiku:thinking,1413,1239,0.318313155770783,0.837772397094431,0.5225100887812753,0.21956505465125423
4,sonnet:standard,1413,1239,0.1873849878934624,0.8595641646489104,0.6721791767554479,0.07643896359204215
4,sonnet:thinking,1413,1239,0.13355125100887813,0.8418079096045198,0.7082566585956416,0.07632950381379255
4,opus:standard,1413,1239,0.1651170298627926,0.8547215496368039,0.6896045197740114,0.07344276165762365
4,opus:thinking,1413,1239,0.11508474576271184,0.8418079096045198,0.7267231638418079,0.07242384210112449
4,gemini:standard,1413,1239,0.14200968523002416,0.8175948345439871,0.6801049233252624,0.10139753872768736
4,gemini:thinking,1413,1239,0.21429378531073445,0.6973365617433414,0.6431880548829702,0.17327743964771566
4,deepseek:standard,1413,1239,0.2537530266343826,0.8627925746569814,0.6372074253430186,0.11391346229456634
4,deepseek:thinking,1413,1239,0.18652138821630343,0.5205811138014528,0.7071025020177563,0.1674297633089565
