threshold,config,tier,n,PAD_B,PAD_B_lo,PAD_B_hi,const_B_tier,signed_p_minus_f,match_majority
3,haiku:standard,high,545,0.2710838532110092,0.22086404282703795,0.31804015370578326,0.20276299731868921,-0.20431192660550457,0.45871559633027525
3,haiku:standard,contested,708,0.12820772128060265,0.09137838074110495,0.16554205759369958,0.03565647681627493,-0.09214689265536723,0.2782485875706215
3,haiku:standard,ambiguous,159,0.09479056603773586,0.07635918661971831,0.11154501961717775,0.02172129413008014,-0.06270440251572326,
3,haiku:thinking,high,546,0.27929029304029307,0.23271790668348047,0.32737893206678176,0.20261936515553972,-0.2240842490842491,0.4725274725274725
3,haiku:thinking,contested,708,0.12592730696798493,0.09449719643319644,0.15591066551574817,0.03565647681627493,-0.07855932203389829,0.2838983050847458
3,haiku:thinking,ambiguous,159,0.08713836477987422,0.07507272119616634,0.10005218749999999,0.02172129413008014,-0.0571069182389937,
3,sonnet:standard,high,546,0.2344232600732601,0.21344266098377893,0.25743118889809447,0.20261936515553972,-0.29598901098901104,0.5952380952380952
3,sonnet:standard,contested,708,0.1103252824858757,0.0941977984209268,0.126006115090799,0.03565647681627493,-0.25967514124293783,0.3305084745762712
3,sonnet:standard,ambiguous,159,0.038615094339622645,0.029581951041099626,0.04634377891382095,0.02172129413008014,-0.17345911949685533,
3,sonnet:thinking,high,546,0.2487007326007326,0.21934064306998965,0.2803893376001867,0.20261936515553972,-0.3347252747252747,0.6135531135531136
3,sonnet:thinking,contested,708,0.13220371939736347,0.11349690332327358,0.14984025532669742,0.03565647681627493,-0.28925141242937846,0.3502824858757062
3,sonnet:thinking,ambiguous,159,0.05892893081761006,0.04829751298701299,0.07039239705882351,0.02172129413008014,-0.2172955974842767,
3,opus:standard,high,546,0.24084835164835164,0.2138993403619929,0.2705694623506646,0.20261936515553972,-0.3068864468864469,0.5531135531135531
3,opus:standard,contested,708,0.1186716572504708,0.10571851523402945,0.13278063965548104,0.03565647681627493,-0.27350282485875704,0.3206214689265537
3,opus:standard,ambiguous,159,0.046512578616352204,0.03818286448025633,0.05751184505501006,0.02172129413008014,-0.19062893081761006,
3,opus:thinking,high,546,0.24485238095238096,0.21589318474970345,0.27767050789663117,0.20261936515553972,-0.32655677655677656,0.5989010989010989
3,opus:thinking,contested,708,0.14467278719397364,0.12619237973891126,0.16204939790329637,0.03565647681627493,-0.3057627118644068,0.3389830508474576
3,opus:thinking,ambiguous,159,0.07285597484276729,0.06026000264550264,0.08320200236469734,0.02172129413008014,-0.24320754716981133,
3,gemini:standard,high,546,0.2128021978021978,0.18269104531380836,0.24200363631696073,0.20261936515553972,-0.23717948717948717,0.6117216117216118
3,gemini:standard,contested,708,0.09829566854990583,0.084845725158399,0.11308930418846619,0.03565647681627493,-0.20748587570621466,0.346045197740113
3,gemini:standard,ambiguous,159,0.03547169811320754,0.028278279162384373,0.04360980902777777,0.02172129413008014,-0.139622641509434,
3,gemini:thinking,high,546,0.22955384615384614,0.1995170022631327,0.26678527917431816,0.20261936515553972,-0.17380952380952383,0.5970695970695971
3,gemini:thinking,contested,708,0.09291996233521656,0.07120362724149489,0.1164766716386594,0.03565647681627493,-0.10949152542372881,0.4406779661016949
3,gemini:thinking,ambiguous,159,0.041923899371069176,0.03026769859688906,0.053353349974721936,0.02172129413008014,0.000566037735849055,
3,deepseek:standard,high,546,0.19020604395604396,0.1722142497747905,0.20938540220988575,0.20261936515553972,-0.21529304029304028,0.5897435897435898
3,deepseek:standard,contested,708,0.08069562146892656,0.06761060632672616,0.09321841299862449,0.03565647681627493,-0.16899717514124293,0.3234463276836158
3,deepseek:standard,ambiguous,159,0.020220125786163525,0.016068474104020982,0.023941428170594838,0.02172129413008014,-0.09496855345911949,
3,deepseek:thinking,high,546,0.31974871794871795,0.2695394989429082,0.35731823417362824,0.20261936515553972,-0.2071794871794872,0.4432234432234432
3,deepseek:thinking,contested,708,0.11383272128060262,0.08276202882255472,0.1519529353482542,0.03565647681627493,-0.16857344632768362,0.4435028248587571
3,deepseek:thinking,ambiguous,159,0.04264465408805031,0.03372328869047619,0.053592347175587585,0.02172129413008014,-0.05377358490566036,
