threshold,forecaster,PAD_B,floor,excess
3,constant (case-blind),0.0986048441100708,0.051324015097900445,0.04728082901217035
3,oracle vignette (gbt),0.0659653192481095,0.051324015097900445,0.014641304150209054
3,oracle vignette (ridge),0.0755687593392165,0.051324015097900445,0.024244744241316056
3,oracle extended (gbt),0.0623160627961115,0.051324015097900445,0.010992047698211056
3,oracle extended (ridge),0.0707250899966897,0.051324015097900445,0.01940107489878925
3,sonnet:standard: raw p,0.1502089171974522,0.051324015097900445,0.09888490209955175
3,sonnet:standard: shift-corrected p,0.0803281842898325,0.051324015097900445,0.029004169191932057
3,"sonnet:standard: recalibrated (features + p, gbt)",0.0680007056224768,0.051324015097900445,0.016676690524576356
3,sonnet:thinking: raw p,0.1689741920264213,0.051324015097900445,0.11765017692852087
3,sonnet:thinking: shift-corrected p,0.0794236383440642,0.051324015097900445,0.028099623246163753
3,"sonnet:thinking: recalibrated (features + p, gbt)",0.0666386646267409,0.051324015097900445,0.01531464952884045
3,opus:standard: raw p,0.1577623732012266,0.051324015097900445,0.10643835810332616
3,opus:standard: shift-corrected p,0.0802542385579536,0.051324015097900445,0.02893022346005316
3,"opus:standard: recalibrated (features + p, gbt)",0.0664027586416001,0.051324015097900445,0.015078743543699653
3,opus:thinking: raw p,0.1753020759613116,0.051324015097900445,0.12397806086341115
3,opus:thinking: shift-corrected p,0.0795944361217505,0.051324015097900445,0.028270421023850058
3,"opus:thinking: recalibrated (features + p, gbt)",0.0678278703589828,0.051324015097900445,0.016503855261082355
4,constant (case-blind),0.0969719804324318,0.03860973500039317,0.05836224543203863
4,oracle vignette (gbt),0.0458108681609401,0.03860973500039317,0.007201133160546928
4,oracle vignette (ridge),0.0498234330711091,0.03860973500039317,0.011213698070715927
4,oracle extended (gbt),0.0393927116534747,0.03860973500039317,0.000782976653081531
4,oracle extended (ridge),0.0405907369701306,0.03860973500039317,0.0019810019697374323
4,sonnet:standard: raw p,0.0764389635920421,0.03860973500039317,0.037829228591648924
4,sonnet:standard: shift-corrected p,0.0648734931114483,0.03860973500039317,0.02626375811105513
4,"sonnet:standard: recalibrated (features + p, gbt)",0.046546045170023,0.03860973500039317,0.007936310169629826
4,sonnet:thinking: raw p,0.0763295038137925,0.03860973500039317,0.03771976881339933
4,sonnet:thinking: shift-corrected p,0.0710512789789628,0.03860973500039317,0.032441543978569624
4,"sonnet:thinking: recalibrated (features + p, gbt)",0.0461179481005126,0.03860973500039317,0.007508213100119426
4,opus:standard: raw p,0.0734427616576236,0.03860973500039317,0.03483302665723043
4,opus:standard: shift-corrected p,0.0645047498836143,0.03860973500039317,0.025895014883221136
4,"opus:standard: recalibrated (features + p, gbt)",0.0460499155947517,0.03860973500039317,0.007440180594358532
4,opus:thinking: raw p,0.0724238421011244,0.03860973500039317,0.03381410710073123
4,opus:thinking: shift-corrected p,0.0682290547804136,0.03860973500039317,0.029619319780020435
4,"opus:thinking: recalibrated (features + p, gbt)",0.0458629055069534,0.03860973500039317,0.0072531705065602275
