config,n,gap_t2,gap_t3,gap_t4,gap_t5,gap_avg_t2to5,gap_joint_t2to5,joint_lo,joint_hi,spearman_p_meanrating,sp_lo,sp_hi
haiku:standard,1412,0.1862373998589811,0.08100513444387379,0.12010940970020895,0.22189461005692473,0.15231163851499713,0.06585977372255136,0.043029524571885545,0.09152450431869717,0.07791811311430911,-0.16726804873842854,0.2801076013218054
haiku:thinking,1413,0.18136260932852527,0.08221895867360454,0.12259307421882239,0.221502702436029,0.1519193361642453,0.06539265419862499,0.040588821452334785,0.089641173482112,0.052239393935397005,-0.16791930949319783,0.26670648539257613
sonnet:standard,1413,0.2309046003641469,0.05160407308738138,-0.02053301684038969,0.055833558770070055,0.07945230384530218,-0.007074378120318163,-0.014162784489086153,-0.0009721812109073704,0.5001140529861954,0.43325147044449996,0.5851478288947887
sonnet:thinking,1413,0.26153470180316557,0.0703693479163505,-0.020642476618639286,0.04618411314610213,0.08936142156174473,0.002834739596124394,-0.007641716023581803,0.012330187081541152,0.4737255462882954,0.40494113000518056,0.54520405785416
opus:standard,1413,0.24461752794140568,0.05915752909115585,-0.023529218774808194,0.04975172343154681,0.08249939042232504,-0.004027291543295279,-0.011494016598965345,0.002468893627570865,0.5179263160311677,0.44331643830827133,0.5893275796126496
opus:thinking,1413,0.27757832058117926,0.07669723185124078,-0.024548138331307354,0.04258040944239844,0.09307695588587778,0.006550273920257443,-0.003928026385738246,0.015473302810211193,0.5005589514158055,0.4309131210470593,0.5709660477605761
gemini:standard,1413,0.19449374874819975,0.03686814480240852,0.0044255582952555245,0.09571900345041921,0.08287661382407076,-0.0036500681415495857,-0.012697609114395197,0.006585051653699381,0.3921297787789563,0.2949245406943509,0.489723162392458
gemini:thinking,1413,0.1531346782126961,0.041373664972259916,0.07630545921528382,0.18918418391751046,0.11499949657943757,0.028472814613817246,0.008207735036911487,0.050435786422137,0.22006559597764194,0.0879952423229774,0.35509546633018857
deepseek:standard,1413,0.15598938451135147,0.01760180840231415,0.016941481862134497,0.11879755971368881,0.07733255862237223,-0.009194123343248099,-0.013819914647160526,-0.004569696808671485,0.3982848368435218,0.3357734146593047,0.4730827679356537
deepseek:thinking,1413,0.22693668340259937,0.08678571970214902,0.07045778287652467,0.15770782156789975,0.1354720018872932,0.04894531992167288,0.012356106620725196,0.07316351858287465,0.02127027735836552,-0.2138980619600829,0.40885730952792654
