threshold,subset,config,n,PAD_B,const_B,gap,gap_lo,gap_hi,r_p_f
3,all,haiku:standard,1412,0.17959169027384325,0.09858655582996946,0.08100513444387379,0.048680379172722034,0.1148027612180639,0.10963932900947969
3,all,haiku:thinking,1413,0.18082380278367538,0.09860484411007084,0.08221895867360454,0.052366830856720885,0.11351908431804002,0.079058552867344
3,all,sonnet:standard,1413,0.15020891719745222,0.09860484411007084,0.05160407308738138,0.03435663016467753,0.06856864206832963,0.42978296671437693
3,all,sonnet:thinking,1413,0.16897419202642133,0.09860484411007084,0.0703693479163505,0.04862627501334757,0.09507874224535649,0.44750961862151883
3,all,opus:standard,1413,0.15776237320122669,0.09860484411007084,0.05915752909115585,0.04051447396126433,0.07733753755804754,0.4294212046971426
3,all,opus:thinking,1413,0.17530207596131162,0.09860484411007084,0.07669723185124078,0.05538582148521573,0.0988543551853429,0.4490769431264042
3,all,gemini:standard,1413,0.13547298891247936,0.09860484411007084,0.03686814480240852,0.019635348608627284,0.05540053213740309,0.3658702363411185
3,all,gemini:thinking,1413,0.13997850908233075,0.09860484411007084,0.041373664972259916,0.02205486760688907,0.05959781349501357,0.1675801063024037
3,all,deepseek:standard,1413,0.11620665251238499,0.09860484411007084,0.01760180840231415,-0.002381069480004397,0.03793702915311343,0.40960351005204154
3,all,deepseek:thinking,1413,0.18539056381221986,0.09860484411007084,0.08678571970214902,0.07329494142583316,0.10104488599887895,-0.07410621721302227
3,collision_free(orig pi),haiku:standard,638,0.1672762800417973,0.08528657562545791,0.08198970441633938,0.04593444073862045,0.12216946764207996,0.14215882481959805
3,collision_free(orig pi),haiku:thinking,638,0.17234367816091953,0.08528657562545791,0.08705710253546162,0.0495298331254448,0.1330275881296121,0.0994756205267713
3,collision_free(orig pi),sonnet:standard,638,0.14338960292580982,0.08528657562545791,0.05810302730035191,0.03297980228958736,0.0860622679718408,0.4664527649986726
3,collision_free(orig pi),sonnet:thinking,638,0.14058066875653083,0.08528657562545791,0.05529409313107292,0.02615504672579298,0.08795026777405467,0.4989339248127872
3,collision_free(orig pi),opus:standard,638,0.14715574712643678,0.08528657562545791,0.06186917150097887,0.03603412841880603,0.08849403085090576,0.4460445106939514
3,collision_free(orig pi),opus:thinking,638,0.1401734064785789,0.08528657562545791,0.05488683085312099,0.030221932083696817,0.08175836566016687,0.48974878610739303
3,collision_free(orig pi),gemini:standard,638,0.11924634273772204,0.08528657562545791,0.03395976711226413,0.009899619707723737,0.05879208100092672,0.399861867380893
3,collision_free(orig pi),gemini:thinking,638,0.1346355276907001,0.08528657562545791,0.0493489520652422,0.025469692063800328,0.07576750803576188,0.21640826199734955
3,collision_free(orig pi),deepseek:standard,638,0.0947008881922675,0.08528657562545791,0.009414312566809593,-0.01744477018660395,0.031038050616660682,0.4572209070797837
3,collision_free(orig pi),deepseek:thinking,638,0.210119696969697,0.08528657562545791,0.1248331213442391,0.101273794101382,0.14672726206320924,0.04930958073808612
3,collision_free(f3),haiku:standard,594,0.1658196408529742,0.07375839782662641,0.0920612430263478,0.050372901399416026,0.14584303146350705,0.10790723889569748
3,collision_free(f3),haiku:thinking,594,0.16931206509539845,0.07375839782662641,0.09555366726877204,0.054474471919986486,0.1474683234714008,0.07902502538554107
3,collision_free(f3),sonnet:standard,594,0.14372418630751962,0.07375839782662641,0.06996578848089322,0.04586246198281163,0.09433806015258056,0.4433533133718386
3,collision_free(f3),sonnet:thinking,594,0.13943681257014592,0.07375839782662641,0.06567841474351951,0.03419129648083484,0.09413935292140863,0.45758933226237036
3,collision_free(f3),opus:standard,594,0.14656273849607182,0.07375839782662641,0.07280434066944541,0.04816003345298415,0.09585188531754547,0.43151017374211365
3,collision_free(f3),opus:thinking,594,0.13781133557800226,0.07375839782662641,0.06405293775137585,0.038089502469721495,0.09022736478387533,0.4613812174109046
3,collision_free(f3),gemini:standard,594,0.11725028058361393,0.07375839782662641,0.043491882756987524,0.020370521050129955,0.07223018642816349,0.3724331715958579
3,collision_free(f3),gemini:thinking,594,0.13653260381593715,0.07375839782662641,0.06277420598931074,0.03657441321937815,0.0941942069632481,0.16598958641105074
3,collision_free(f3),deepseek:standard,594,0.09199354657687991,0.07375839782662641,0.018235148750253505,-0.004263005526095801,0.04280673235866008,0.4222420525774405
3,collision_free(f3),deepseek:thinking,594,0.21087974186307518,0.07375839782662641,0.13712134403644877,0.11421265143692552,0.15763997009128253,0.09225895413774603
3,threshold_stable,haiku:standard,347,0.1891655139289145,0.16705561876603908,0.022109895162875426,-0.046130574696416335,0.1017035947504904,0.3064203774794695
3,threshold_stable,haiku:thinking,347,0.1886245917387128,0.16705561876603908,0.02156897297267371,-0.0429228178510689,0.08948586778135117,0.28727712764945634
3,threshold_stable,sonnet:standard,347,0.08993765609990395,0.16705561876603908,-0.07711796266613513,-0.0932252436136435,-0.06116116045764893,0.7357185806405488
3,threshold_stable,sonnet:thinking,347,0.08711777137367915,0.16705561876603908,-0.07993784739235993,-0.0978501846440001,-0.058256042522697636,0.7405965154102313
3,threshold_stable,opus:standard,347,0.08591873198847262,0.16705561876603908,-0.08113688677756646,-0.09652216539999331,-0.06524269319002074,0.7379080200401968
3,threshold_stable,opus:thinking,347,0.08165609990393852,0.16705561876603908,-0.08539951886210057,-0.10305908174815957,-0.06608535970791934,0.7442797653496386
3,threshold_stable,gemini:standard,347,0.09761287223823245,0.16705561876603908,-0.06944274652780663,-0.09737823385612428,-0.03645953602156788,0.659708145650867
3,threshold_stable,gemini:thinking,347,0.16443170028818443,0.16705561876603908,-0.0026239184778546476,-0.05171714448145711,0.05580037469416383,0.4102769408358347
3,threshold_stable,deepseek:standard,347,0.08429875120076849,0.16705561876603908,-0.08275686756527059,-0.10127240637551656,-0.06578851554080235,0.7507120596348522
3,threshold_stable,deepseek:thinking,347,0.23546397694524493,0.16705561876603908,0.06840835817920585,-0.060952573910460266,0.1453374040408736,-0.010191290015955737
3,threshold_sensitive,haiku:standard,1065,0.1764723317683881,0.05399810443254205,0.12247422733584606,0.07062421502738149,0.17681504145868257,0.044319298644575796
3,threshold_sensitive,haiku:thinking,1066,0.17828452157598498,0.05402033634999361,0.12426418522599136,0.07276503248156767,0.1806525651236414,-0.013488202034317593
3,threshold_sensitive,sonnet:standard,1066,0.16982817385866167,0.05402033634999361,0.11580783750866805,0.0994782869474671,0.1345147724371732,0.3628128153793997
3,threshold_sensitive,sonnet:thinking,1066,0.19561976235146966,0.05402033634999361,0.14159942600147604,0.11686228433482151,0.17031075456591807,0.31352628810613004
3,threshold_sensitive,opus:standard,1066,0.18114862414008756,0.05402033634999361,0.12712828779009394,0.1086231215648698,0.14797535912040224,0.3447032663559499
3,threshold_sensitive,opus:thinking,1066,0.20578533458411508,0.05402033634999361,0.15176499823412146,0.13046040896743782,0.17709210288184463,0.34908084161415226
3,threshold_sensitive,gemini:standard,1066,0.14779706066291434,0.05402033634999361,0.09377672431292072,0.07297335215204932,0.1172249930186751,0.2789885259296779
3,threshold_sensitive,gemini:thinking,1066,0.13201860537836146,0.05402033634999361,0.07799826902836784,0.054815866393509084,0.10295758323017412,0.09635343416760546
3,threshold_sensitive,deepseek:standard,1066,0.1265931832395247,0.05402033634999361,0.07257284688953108,0.0585228518898604,0.08640072194608012,0.25312619441943723
3,threshold_sensitive,deepseek:thinking,1066,0.1690908692933083,0.05402033634999361,0.11507053294331468,0.08867135316512681,0.1443684661381347,0.0597151172802748
4,all,haiku:standard,1412,0.21709621498268808,0.09698680528247913,0.12010940970020895,0.0446908288385144,0.20523915162425105,0.11406923013361632
4,all,haiku:thinking,1413,0.21956505465125423,0.09697198043243184,0.12259307421882239,0.0481899307468579,0.20383462977870598,0.07622746337518857
4,all,sonnet:standard,1413,0.07643896359204215,0.09697198043243184,-0.02053301684038969,-0.0360365591459321,-0.006975953661572467,0.5879675058558453
4,all,sonnet:thinking,1413,0.07632950381379255,0.09697198043243184,-0.020642476618639286,-0.03311560312280998,-0.009831713284030562,0.5182859577651762
4,all,opus:standard,1413,0.07344276165762365,0.09697198043243184,-0.023529218774808194,-0.03788667577488592,-0.010730220429839277,0.5835100776572184
4,all,opus:thinking,1413,0.07242384210112449,0.09697198043243184,-0.024548138331307354,-0.03792827403269519,-0.011828715954506387,0.5484665190654227
4,all,gemini:standard,1413,0.10139753872768736,0.09697198043243184,0.0044255582952555245,-0.019354819614397056,0.027266096565023382,0.4840879072133765
4,all,gemini:thinking,1413,0.17327743964771566,0.09697198043243184,0.07630545921528382,0.02907944708998047,0.12603592159309573,0.2592581241897534
4,all,deepseek:standard,1413,0.11391346229456634,0.09697198043243184,0.016941481862134497,-0.013825910572729144,0.04366673715762942,0.46856199035532636
4,all,deepseek:thinking,1413,0.1674297633089565,0.09697198043243184,0.07045778287652467,-0.01879067689573725,0.1439869232561648,0.12921791685143208
4,collision_free(orig pi),haiku:standard,638,0.2069924068268896,0.12162014425958863,0.08537226256730097,0.018442592552746058,0.17073217264962895,0.10369975538980405
4,collision_free(orig pi),haiku:thinking,638,0.2088623127830024,0.12162014425958863,0.08724216852341378,0.008440888132691724,0.1756614671930072,0.061088715798410874
4,collision_free(orig pi),sonnet:standard,638,0.07913760013932428,0.12162014425958863,-0.04248254412026435,-0.06006873321430459,-0.024486366200573102,0.6775671040793865
4,collision_free(orig pi),sonnet:thinking,638,0.0856468477882271,0.12162014425958863,-0.03597329647136152,-0.053698486699042286,-0.018499740263433356,0.6152274556547388
4,collision_free(orig pi),opus:standard,638,0.08061011842563567,0.12162014425958863,-0.041010025833952954,-0.06001485589548293,-0.022953809667737045,0.6487817264946143
4,collision_free(orig pi),opus:thinking,638,0.0846779345175897,0.12162014425958863,-0.036942209741998924,-0.0557790573631387,-0.019473775183824583,0.6207815718205206
4,collision_free(orig pi),gemini:standard,638,0.11310301288749565,0.12162014425958863,-0.008517131372092979,-0.03380940426995726,0.01898744395194785,0.5487353166048705
4,collision_free(orig pi),gemini:thinking,638,0.1613265761058865,0.12162014425958863,0.039706431846297865,-0.0026133047161742105,0.08747676200681012,0.3294606403976744
4,collision_free(orig pi),deepseek:standard,638,0.13269287704632535,0.12162014425958863,0.01107273278673672,-0.04233602470272124,0.05063811750185551,0.5332976265292398
4,collision_free(orig pi),deepseek:thinking,638,0.1390495123650296,0.12162014425958863,0.017429368105440976,-0.056966748238575844,0.07936656540970544,0.2755964130058355
4,collision_free(f4),haiku:standard,658,0.23527296521445457,0.12160563259557633,0.11366733261887824,0.03119349485414986,0.20108890381997654,0.09582565206760889
4,collision_free(f4),haiku:thinking,658,0.24240260047281326,0.12160563259557633,0.12079696787723693,0.04163448605875972,0.21602484255811083,0.03607859015865019
4,collision_free(f4),sonnet:standard,658,0.08538902397838569,0.12160563259557633,-0.03621660861719064,-0.055084365792924805,-0.015362951337391946,0.701249504264137
4,collision_free(f4),sonnet:thinking,658,0.08849226612630869,0.12160563259557633,-0.033113366469267644,-0.05339378302414799,-0.012385619324461517,0.6581124127730805
4,collision_free(f4),opus:standard,658,0.08441435325903411,0.12160563259557633,-0.03719127933654222,-0.05728108139326928,-0.017810997097561548,0.6831321924067082
4,collision_free(f4),opus:thinking,658,0.085629348193178,0.12160563259557633,-0.035976284402398334,-0.057959891005731255,-0.01373900734989187,0.6658952204020199
4,collision_free(f4),gemini:standard,658,0.1209502701789936,0.12160563259557633,-0.0006553624165827332,-0.031701235235431856,0.03279859952423338,0.5793154577534907
4,collision_free(f4),gemini:thinking,658,0.17833785883147585,0.12160563259557633,0.05673222623589952,0.008104996597458,0.10815516856151262,0.32683691319338226
4,collision_free(f4),deepseek:standard,658,0.14602879094900373,0.12160563259557633,0.0244231583534274,-0.027353680329120365,0.0648448462384871,0.5681035724290202
4,collision_free(f4),deepseek:thinking,658,0.15399905437352246,0.12160563259557633,0.03239342177794613,-0.0636093321385846,0.10744919054160748,0.2492357107096573
4,threshold_stable,haiku:standard,347,0.1891655139289145,0.16705561876603908,0.022109895162875426,-0.046130574696416335,0.1017035947504904,0.3064203774794695
4,threshold_stable,haiku:thinking,347,0.1886245917387128,0.16705561876603908,0.02156897297267371,-0.0429228178510689,0.08948586778135117,0.28727712764945634
4,threshold_stable,sonnet:standard,347,0.08993765609990395,0.16705561876603908,-0.07711796266613513,-0.0932252436136435,-0.06116116045764893,0.7357185806405488
4,threshold_stable,sonnet:thinking,347,0.08711777137367915,0.16705561876603908,-0.07993784739235993,-0.0978501846440001,-0.058256042522697636,0.7405965154102313
4,threshold_stable,opus:standard,347,0.08591873198847262,0.16705561876603908,-0.08113688677756646,-0.09652216539999331,-0.06524269319002074,0.7379080200401968
4,threshold_stable,opus:thinking,347,0.08165609990393852,0.16705561876603908,-0.08539951886210057,-0.10305908174815957,-0.06608535970791934,0.7442797653496386
4,threshold_stable,gemini:standard,347,0.09761287223823245,0.16705561876603908,-0.06944274652780663,-0.09737823385612428,-0.03645953602156788,0.659708145650867
4,threshold_stable,gemini:thinking,347,0.16443170028818443,0.16705561876603908,-0.0026239184778546476,-0.05171714448145711,0.05580037469416383,0.4102769408358347
4,threshold_stable,deepseek:standard,347,0.08429875120076849,0.16705561876603908,-0.08275686756527059,-0.10127240637551656,-0.06578851554080235,0.7507120596348522
4,threshold_stable,deepseek:thinking,347,0.23546397694524493,0.16705561876603908,0.06840835817920585,-0.060952573910460266,0.1453374040408736,-0.010191290015955737
4,threshold_sensitive,haiku:standard,1065,0.2261966405842462,0.06517702983681956,0.16101961074742666,0.07044221549501008,0.249282932872333,0.013832600928570745
4,threshold_sensitive,haiku:thinking,1066,0.22963666875130292,0.06516498179756658,0.16447168695373635,0.0709460480304117,0.26450308358114827,-0.0286082670246935
4,threshold_sensitive,sonnet:standard,1066,0.07204492391077756,0.06516498179756658,0.006879942113210982,-0.004236022444804422,0.018154313505944316,0.4672759441873893
4,threshold_sensitive,sonnet:thinking,1066,0.07281775067750677,0.06516498179756658,0.007652768879940194,-0.005230446419649086,0.019725479245348034,0.3781944973186804
4,threshold_sensitive,opus:standard,1066,0.06938163435480509,0.06516498179756658,0.004216652557238507,-0.006484252989146059,0.016001335073192242,0.4588815092938455
4,threshold_sensitive,opus:thinking,1066,0.06941859495518032,0.06516498179756658,0.004253613157613745,-0.007767468334216586,0.01584339281937544,0.4108805903434464
4,threshold_sensitive,gemini:standard,1066,0.1026295080258495,0.06516498179756658,0.03746452622828292,0.016752225407664828,0.058678280265478416,0.3469244398621847
4,threshold_sensitive,gemini:thinking,1066,0.17615686887638105,0.06516498179756658,0.11099188707881447,0.0666419343585667,0.16096454482418363,0.1528353630547286
4,threshold_sensitive,deepseek:standard,1066,0.12355352303523037,0.06516498179756658,0.058388541237663794,0.02371042510489889,0.08836741773346127,0.2778945451309004
4,threshold_sensitive,deepseek:thinking,1066,0.14528354179695643,0.06516498179756658,0.08011855999938985,-0.01320155974671758,0.1499647017783161,0.11000942062171612
