config,gap,lo,hi,pad_features_only,pad_with_confidence
haiku:standard,0.0016415589958957977,0.00020540779078265098,0.002992956367476853,0.12778867333215446,0.12614711433625866
haiku:thinking,0.0006509729091138949,-0.0007993213724674681,0.0021567689080003146,0.12687796285568365,0.12622698994656975
sonnet:standard,0.0016526418839244994,0.00023030657605232796,0.0030749385343719683,0.12687796285568365,0.12522532097175915
sonnet:thinking,0.00042162661328964957,-0.0007099886756446176,0.0017297657286393824,0.12687796285568365,0.126456336242394
opus:standard,0.00029546921436660045,-0.000889345118129578,0.0015522437068817205,0.12687796285568365,0.12658249364131705
opus:thinking,0.00020064534512334586,-0.0010869507021803865,0.0014954961574223994,0.12687796285568365,0.1266773175105603
gemini:standard,-0.00045948630427436465,-0.0018657279084711236,0.001024378064123323,0.12632634387320915,0.12678583017748352
gemini:thinking,0.0005261505630645424,-0.0009632487436555419,0.001939618373682025,0.12687796285568365,0.1263518122926191
deepseek:standard,3.040372511955991e-05,-0.0008888470749819546,0.0009706952903453246,0.12687796285568365,0.12684755913056409
deepseek:thinking,0.0005536767308616242,-0.0004130784986253903,0.0015480847661860885,0.12687796285568365,0.12632428612482202
