config,n,pad_raw,pad_accuracy_calibrated,mean_accuracy,oof_calibrated_mean
haiku:standard,1413,0.16280962491153572,0.3304371934730568,0.4728867623604466,0.4725301244455997
haiku:thinking,1413,0.15656050955414014,0.4939200474057615,0.3062200956937799,0.3062186149668618
sonnet:standard,1413,0.16675395140363294,0.2654211435033604,0.5534290271132376,0.5535836780778637
sonnet:thinking,1413,0.1894597782495872,0.25132745865325123,0.5709728867623605,0.5709700419599743
opus:standard,1413,0.1970653456003774,0.4358703402071542,0.36363636363636365,0.36368257650276853
opus:thinking,1413,0.1820547298891248,0.3321876212135714,0.46730462519936206,0.4673363092111407
gemini:standard,1413,0.17733663599905639,0.33947059751563324,0.4609250398724083,0.4609472265759543
gemini:thinking,1413,0.190964850200519,0.3864588943915593,0.4130781499202552,0.41287542861383364
deepseek:standard,1413,0.1978296768105685,0.3698423479353901,0.4393939393939394,0.43948381200863096
deepseek:thinking,1413,0.1786128803963199,0.3564957123536579,0.4433811802232855,0.44331006214916613
