threshold,oracle,estimator,n,PAD_B,const_B,margin_vs_const,margin_lo,margin_hi,PAD_L1,const_L1
3,vignette,gbt,1413,0.06596531924810957,0.09860484411007084,-0.03263952486196127,-0.03920083629963115,-0.02657259783487435,0.1588668353605852,0.14295824486907288
3,vignette,ridge,1413,0.07556875933921658,0.09860484411007084,-0.023036084770854254,-0.02797717132115409,-0.018608393416321464,0.18830104666842096,0.14295824486907288
3,vignette,linear,1413,0.07556672552489478,0.09860484411007084,-0.023038118585176057,-0.027983369718036097,-0.018607587402398484,0.18829028695113506,0.14295824486907288
3,extended,gbt,1413,0.06231606279611151,0.09860484411007084,-0.03628878131395933,-0.04302153744029002,-0.029775345164876506,0.15473501432683762,0.14295824486907288
3,extended,ridge,1413,0.07072508999668976,0.09860484411007084,-0.027879754113381075,-0.03268967758120178,-0.023277015408562148,0.18655188523416644,0.14295824486907288
3,extended,linear,1413,0.07072553604041538,0.09860484411007084,-0.027879308069655453,-0.03268983989335685,-0.023273281708643453,0.18654703071164336,0.14295824486907288
3,geometry,gbt,1413,0.08031206051924576,0.09860484411007084,-0.018292783590825076,-0.02367936466287121,-0.013813443718931302,0.1783135308585699,0.14295824486907288
3,geometry,ridge,1413,0.07894680175974354,0.09860484411007084,-0.019658042350327296,-0.023312233688924988,-0.01628308275092814,0.190539460920489,0.14295824486907288
3,geometry,linear,1413,0.07894677248913744,0.09860484411007084,-0.0196580716209334,-0.02331228065305992,-0.016283099721198187,0.19053956327271906,0.14295824486907288
4,vignette,gbt,1413,0.04581086816094012,0.09697198043243184,-0.05116111227149172,-0.05775359686820944,-0.045096273910581804,0.13994156456340132,0.16943854682708184
4,vignette,ridge,1413,0.049823433071109195,0.09697198043243184,-0.047148547361322644,-0.05335687811156284,-0.04131757812043779,0.1520368152772382,0.16943854682708184
4,vignette,linear,1413,0.04981689602529107,0.09697198043243184,-0.04715508440714077,-0.0533655703498891,-0.04132274847107812,0.15200436901245615,0.16943854682708184
4,extended,gbt,1413,0.03939271165347475,0.09697198043243184,-0.05757926877895709,-0.06430000484425873,-0.05028105470088461,0.12709377493265103,0.16943854682708184
4,extended,ridge,1413,0.04059073697013064,0.09697198043243184,-0.0563812434623012,-0.0626572234692286,-0.050486331829214075,0.1389272604143202,0.16943854682708184
4,extended,linear,1413,0.040591364494435914,0.09697198043243184,-0.056380615937995926,-0.06265747494516447,-0.05048538802393699,0.13892074768967266,0.16943854682708184
4,geometry,gbt,1413,0.04350067202478229,0.09697198043243184,-0.05347130840764955,-0.05993668940947158,-0.047120482902071895,0.13617265079948954,0.16943854682708184
4,geometry,ridge,1413,0.046075569584348545,0.09697198043243184,-0.050896410848083294,-0.05667747130392776,-0.045318068751772134,0.14661586436792387,0.16943854682708184
4,geometry,linear,1413,0.0460755149996456,0.09697198043243184,-0.05089646543278624,-0.056677531281132426,-0.04531810840171349,0.14661562046954746,0.16943854682708184
