config,raw_conf,or_raw,or_recal
haiku:standard,0.527556657223796,0.04373430157789376,0.07000539650827979
haiku:thinking,0.5211464968152867,0.039168689843533694,0.06978660797612478
sonnet:standard,0.6682307147912244,0.03930630638498423,0.06924832561719287
sonnet:thinking,0.7062915782024063,0.051973408408594435,0.07014494135696746
opus:standard,0.6846426043878273,0.044850307033721025,0.06972419911238993
opus:thinking,0.7231705590941259,0.06024083252232692,0.06943057166596782
gemini:standard,0.7945555555555556,0.08690404697174818,0.06996830523887826
gemini:thinking,0.6648549186128804,0.04415195111005938,0.07046187544699517
deepseek:standard,0.6387473460721868,0.02450697333206062,0.06998387407031177
deepseek:thinking,0.7034890304317055,0.04993661523882952,0.06974436437598558
