config,n,gap_B_nested_lo,gap_B_nested_hi,PAD_B,PAD_B_lo,PAD_B_hi,const_B,gap_B,gap_B_lo,gap_B_hi,gap_B_iid_lo,gap_B_iid_hi,PAD_L1,const_L1_0.75,gap_L1,gap_L1_lo,gap_L1_hi,r_c_f,r_c_f_lo,r_c_f_hi,r_p_f,r_p_f_lo,r_p_f_hi,r_c_pi_old,match_majority,n_ties_excl,frac_answer_malignant
haiku:standard,1412,0.04952421566978233,0.11615731988976649,0.17959169027384325,0.16597077539420807,0.19464808884754276,0.09858661819496532,0.08100507207887793,0.06559750095312823,0.09475620076232341,0.06973040886206681,0.09223112775614489,0.35726628895184137,0.14288243626062322,0.21438385269121815,0.19484703353762345,0.23512745490862122,0.013422806241799519,-0.059510209355823115,0.08813368941940052,0.10963932900947969,0.03757844105110382,0.18293596744469484,0.04186258060680831,0.3567438148443735,159,0.10198300283286119
haiku:thinking,1413,0.05187512017330259,0.11384655616746507,0.18082380278367538,0.16869584919035774,0.19419223188283055,0.09860484411007084,0.08221895867360454,0.0667067720566929,0.09688224587116716,0.07178351576504491,0.09216740067502469,0.3524769992922859,0.14295824486907288,0.209518754423213,0.18908378525443384,0.2292356622893223,0.03675572653553717,-0.03464937226300672,0.10522248456769902,0.079058552867344,0.009494179923113685,0.15098463957700117,0.08296519303556349,0.3660287081339713,159,0.11960368011323426
sonnet:standard,1413,0.033867736864133975,0.06873032374031486,0.15020891719745222,0.14108218188680255,0.1588099975583097,0.09860484411007084,0.05160407308738138,0.03811295522036483,0.06352635837294254,0.042232889994869564,0.06138688695582271,0.19306912007548946,0.14295824486907288,0.05011087520641658,0.04459533137717252,0.055839989227454576,-0.2560945958930251,-0.3138174960677034,-0.19687904538026613,0.42978296671437693,0.3878896430360271,0.4714179430436277,-0.07798206603921944,0.44577352472089316,159,0.19957537154989385
sonnet:thinking,1413,0.04582770955738638,0.09418077581039092,0.16897419202642133,0.15738769808078068,0.17983763969078012,0.09860484411007084,0.0703693479163505,0.05400553367739057,0.08483378124170349,0.059404012712975754,0.08187472341677146,0.18175041283321539,0.14295824486907288,0.038792167964142504,0.033644133258889174,0.043828742597515055,-0.3326697901503704,-0.3870803100074753,-0.27894768620359484,0.44750961862151883,0.4061093690103235,0.4888519104920037,-0.0406087447114366,0.4649122807017544,159,0.21443736730360935
opus:standard,1413,0.04006470305185113,0.07732307794262513,0.15776237320122669,0.14771802934625444,0.1667412459314605,0.09860484411007084,0.05915752909115585,0.04490502624937456,0.07240414125770943,0.04902491391398611,0.06962822297192499,0.18564048124557678,0.14295824486907288,0.042682236376503896,0.03734264944301496,0.048022041817147414,-0.2626975815484604,-0.3166157250576822,-0.20840151029864576,0.4294212046971426,0.3915422291354771,0.46561900864233824,-0.07567042867475761,0.4218500797448166,159,0.1726822363765039
opus:thinking,1413,0.05287135570400713,0.09726574005178942,0.17530207596131162,0.16381720510515843,0.1862298540574442,0.09860484411007084,0.07669723185124078,0.06007862855123895,0.0917290374544764,0.06506027771224868,0.08879150084010787,0.18497523000707713,0.14295824486907288,0.042016985138004254,0.036407176567301996,0.04737990766523612,-0.29674378274155905,-0.34840558912060693,-0.24453446841523127,0.4490769431264042,0.4115542191625388,0.4858761523763937,-0.06864029789079626,0.45215311004784686,159,0.19957537154989385
gemini:standard,1413,0.016965523919650255,0.055638217284650224,0.13547298891247936,0.1264308707315916,0.14443158893921135,0.09860484411007084,0.03686814480240852,0.023597901689657926,0.04929993621272818,0.02746156713091306,0.046318873350148844,0.17331917905166316,0.14295824486907288,0.030360934182590282,0.024637081293790178,0.03564121774646187,0.03966957968651879,-0.024702302526496075,0.10059116043658653,0.3658702363411185,0.31632603312472213,0.4163913985518114,0.20136029895354374,0.46172248803827753,159,0.2434536447275301
gemini:thinking,1413,0.023426297256183486,0.06113414445670287,0.13997850908233075,0.13001557788191245,0.1504123931650847,0.09860484411007084,0.041373664972259916,0.029555340979026658,0.05296690587793002,0.03273643481100162,0.0503758191828081,0.21444444444444444,0.14295824486907288,0.07148619957537156,0.05904887106225654,0.08445213335830677,-0.02892845606387359,-0.08876723105772724,0.03217163163025861,0.1675801063024037,0.10359359008444069,0.23083072398859825,0.07893439209631063,0.5087719298245614,159,0.3913658881811748
deepseek:standard,1413,-0.0010141030838659532,0.038947517743195964,0.11620665251238499,0.10850794495715729,0.12390544050088656,0.09860484411007084,0.01760180840231415,0.005488495351800931,0.028149538223944018,0.009213874599792627,0.02598050162345167,0.1978296768105685,0.14295824486907288,0.05487143194149563,0.0466707118840697,0.06337512866598582,0.08697578255309203,0.02779847524377858,0.14272384164210672,0.40960351005204154,0.3653771728272195,0.45332476519586135,0.257785239291526,0.4393939393939394,159,0.18471337579617833
deepseek:thinking,1413,0.07224945244917486,0.10156246025243741,0.18539056381221986,0.17295562862686176,0.19870328957804104,0.09860484411007084,0.08678571970214902,0.07617194936286245,0.09777724590559048,0.0777711336155508,0.09598749285190405,0.1786128803963199,0.14295824486907288,0.035654635527247014,0.030637226682525557,0.04037385562871831,-0.12335012730294859,-0.17543389716953176,-0.07325838778016334,-0.07410621721302227,-0.13887749377328232,-0.005739921228277485,-0.0653032231898977,0.4433811802232855,159,0.48336871903750883
