variant,config,n,p_star,const_B,PAD_B,gap,gap_lo,gap_hi,r_p_f,match_majority
all(>=3),haiku:standard,1412,0.6471317280453258,0.09858655582996946,0.17959169027384325,0.08100513444387379,0.048222694648987166,0.11544277625604696,0.1096393290094797,0.3567438148443735
all(>=3),haiku:thinking,1413,0.647381457891012,0.09860484411007084,0.18082380278367538,0.08221895867360454,0.05264449320191296,0.1134982541432495,0.07905855286734402,0.3660287081339713
all(>=3),sonnet:standard,1413,0.647381457891012,0.09860484411007084,0.15020891719745222,0.05160407308738138,0.03473599698114246,0.06736850336661507,0.42978296671437693,0.44577352472089316
all(>=3),sonnet:thinking,1413,0.647381457891012,0.09860484411007084,0.16897419202642133,0.0703693479163505,0.04804339400449751,0.09324883100944048,0.4475096186215187,0.4649122807017544
all(>=3),opus:standard,1413,0.647381457891012,0.09860484411007084,0.15776237320122669,0.05915752909115585,0.03927473919991152,0.07660910239799588,0.4294212046971426,0.4218500797448166
all(>=3),opus:thinking,1413,0.647381457891012,0.09860484411007084,0.17530207596131162,0.07669723185124078,0.05526562065678394,0.09702997204255416,0.4490769431264042,0.45215311004784686
all(>=3),gemini:standard,1413,0.647381457891012,0.09860484411007084,0.13547298891247936,0.03686814480240852,0.018048287182577685,0.055095393810530316,0.36587023634111865,0.46172248803827753
all(>=3),gemini:thinking,1413,0.647381457891012,0.09860484411007084,0.13997850908233075,0.041373664972259916,0.023681674788532506,0.0617711962217653,0.16758010630240372,0.5087719298245614
all(>=3),deepseek:standard,1413,0.647381457891012,0.09860484411007084,0.11620665251238499,0.01760180840231415,-0.0025365839542716836,0.038098147350231856,0.40960351005204154,0.4393939393939394
all(>=3),deepseek:thinking,1413,0.647381457891012,0.09860484411007084,0.18539056381221986,0.08678571970214902,0.07429663069889732,0.10082243866519237,-0.07410621721302231,0.4433811802232855
nodule_no3,haiku:standard,347,0.420028818443804,0.16705561876603908,0.1891655139289145,0.022109895162875426,-0.04754933678020301,0.10823736314083417,0.30642037747946954,0.7537993920972644
nodule_no3,haiku:thinking,347,0.420028818443804,0.16705561876603908,0.1886245917387128,0.02156897297267371,-0.043145224117425315,0.0952883321099449,0.28727712764945634,0.7446808510638298
nodule_no3,sonnet:standard,347,0.420028818443804,0.16705561876603908,0.08993765609990395,-0.07711796266613513,-0.09486021880357005,-0.059659073408808334,0.7357185806405491,0.817629179331307
nodule_no3,sonnet:thinking,347,0.420028818443804,0.16705561876603908,0.08711777137367915,-0.07993784739235993,-0.10203136085091577,-0.05842481637154628,0.7405965154102313,0.8267477203647416
nodule_no3,opus:standard,347,0.420028818443804,0.16705561876603908,0.08591873198847262,-0.08113688677756646,-0.09840374783327074,-0.06345452988385923,0.7379080200401967,0.7963525835866262
nodule_no3,opus:thinking,347,0.420028818443804,0.16705561876603908,0.08165609990393852,-0.08539951886210057,-0.1047879938925107,-0.06318321361258418,0.7442797653496385,0.8297872340425532
nodule_no3,gemini:standard,347,0.420028818443804,0.16705561876603908,0.09761287223823245,-0.06944274652780663,-0.10053184329768905,-0.03567088411246989,0.659708145650867,0.7872340425531915
nodule_no3,gemini:thinking,347,0.420028818443804,0.16705561876603908,0.16443170028818443,-0.0026239184778546476,-0.05329000675678899,0.056584014861351194,0.41027694083583466,0.6930091185410334
nodule_no3,deepseek:standard,347,0.420028818443804,0.16705561876603908,0.08429875120076849,-0.08275686756527059,-0.1009809147884607,-0.06642510482956192,0.7507120596348522,0.8358662613981763
nodule_no3,deepseek:thinking,347,0.420028818443804,0.16705561876603908,0.23546397694524493,0.06840835817920585,-0.06091037705120943,0.152052362326582,-0.010191290015955746,0.4133738601823708
rater_drop3,haiku:standard,1356,0.4177114060963619,0.17406581281319825,0.2468066207800721,0.07274080796687385,0.02335820573705143,0.1252549662804096,0.08384442516625829,0.6652754590984975
rater_drop3,haiku:thinking,1356,0.4177114060963619,0.17406581281319825,0.25401775647328745,0.0799519436600892,0.02919597801818961,0.1332856367192487,0.03430882950799006,0.667779632721202
rater_drop3,sonnet:standard,1356,0.4177114060963619,0.17406581281319825,0.131446591281547,-0.042619221531651236,-0.05361652809483284,-0.032847698682096645,0.5314907100759433,0.7303839732888147
rater_drop3,sonnet:thinking,1356,0.4177114060963619,0.17406581281319825,0.13904941822353326,-0.03501639458966499,-0.04534953168651353,-0.02377424870732735,0.4821262824533082,0.7345575959933222
rater_drop3,opus:standard,1356,0.4177114060963619,0.17406581281319825,0.13206470829236316,-0.04200110452083508,-0.0539145683655686,-0.031454776050294016,0.5214869255979401,0.7061769616026711
rater_drop3,opus:thinking,1356,0.4177114060963619,0.17406581281319825,0.13531048017043593,-0.03875533264276232,-0.05028925253190308,-0.027803461607374336,0.5077521289614355,0.7195325542570952
rater_drop3,gemini:standard,1356,0.4177114060963619,0.17406581281319825,0.14189364142903965,-0.03217217138415859,-0.04731953887687963,-0.015826078855144636,0.43311643973697017,0.7186978297161937
rater_drop3,gemini:thinking,1356,0.4177114060963619,0.17406581281319825,0.19694573090789907,0.02287991809470083,-0.012645931921173456,0.05960467606390457,0.21187932061178544,0.6527545909849749
rater_drop3,deepseek:standard,1356,0.4177114060963619,0.17406581281319825,0.1462526630612914,-0.02781314975190685,-0.04178704529041022,-0.014514793695388887,0.41862508873171367,0.7253756260434057
rater_drop3,deepseek:thinking,1356,0.4177114060963619,0.17406581281319825,0.2122305637495903,0.038164750936392045,-0.03707766035204313,0.09396552499317205,0.07306241637317641,0.4941569282136895
