threshold,model,design,n,PAD_B_before,PAD_B_after,delta,delta_lo,delta_hi,const_B,gap_vs_const,gap_lo,gap_hi,delta_lo_bonf,delta_hi_bonf,gap_lo_bonf,gap_hi_bonf,leak
3,haiku,A,300,0.1786194814814815,0.2290509259259259,0.05043144444444444,0.010745667455985288,0.09254346375886202,0.1011275023552905,0.1279234235706354,0.09073089516036541,0.16626844252020614,-0.004563737236813702,0.10807356109626834,0.07945842835648864,0.18066559112039274,False
3,haiku,B,300,0.1786194814814815,0.18050925925925929,0.001889777777777777,-0.03654234230083798,0.040111001712527565,0.1011275023552905,0.07938175690396874,0.05347005973139572,0.10530443347526815,-0.05171127369076907,0.05778379474226308,0.04564110257742061,0.11799432379880254,False
3,haiku,C,298,0.1792297539149888,0.15197561521252795,-0.027254138702460858,-0.06067011953327192,0.006346601984126977,0.10143991247269928,0.05053570273982871,0.027180232193567005,0.07335739767700554,-0.0746690313852059,0.019988943396061585,0.018012584271917053,0.0816568364689821,False
3,sonnet,A,300,0.14999959259259257,0.16968148148148152,0.01968188888888889,-0.0017461285444402904,0.04029504532129496,0.1011275023552905,0.06855397912619098,0.04589466433367328,0.09055532986306877,-0.009599302840630158,0.049310282502682434,0.037043339261723526,0.09810489517501836,False
3,sonnet,B,300,0.14999959259259257,0.13178703703703704,-0.01821255555555555,-0.04524052227266745,0.009008153705338152,0.1011275023552905,0.030659534681746536,0.015557192694492399,0.04682452917223495,-0.055618000496529096,0.021330079139570152,0.009038317910443178,0.05501444936253018,False
3,sonnet,C,300,0.14999959259259257,0.11070803703703704,-0.03929155555555556,-0.05263008307891869,-0.02667941060474852,0.1011275023552905,0.009580534681746541,-0.007968129901534723,0.027523225349876043,-0.059217160999392164,-0.021862845537828534,-0.015292961020050769,0.03348530359131775,False
3,opus,A,300,0.1599315925925926,0.17099537037037038,0.011063777777777771,-0.0019270098476664695,0.024172344535519117,0.1011275023552905,0.06986786801507987,0.042516384265837676,0.09749866525177803,-0.006820984430671891,0.02906748535954349,0.032533690626743716,0.10873859066785402,False
3,opus,B,300,0.1599315925925926,0.1307388148148148,-0.02919277777777777,-0.05945039132882882,0.0011886676890706526,0.1011275023552905,0.02961131245952432,0.015421894144299269,0.04450681691083036,-0.07126323627062199,0.01553607258129596,0.009996896379890386,0.052070313008024116,False
3,opus,C,300,0.1599315925925926,0.09932025925925926,-0.06061133333333333,-0.07471594648546662,-0.04678337170204596,0.1011275023552905,-0.0018072430960312405,-0.017229852616239088,0.01417475094822618,-0.08070474397938188,-0.041902059698587416,-0.022517788878954618,0.020189344728813455,False
4,haiku,A,300,0.2316611481481482,0.08814814814814814,-0.143513,-0.1851888946950883,-0.10398251794783142,0.10085872846117515,-0.012710580313026994,-0.03040713745367507,0.005029845357466134,-0.2019545421415005,-0.08811250279302746,-0.03751566017517081,0.01305617055934276,False
4,haiku,B,300,0.2316611481481482,0.31835648148148155,0.08669533333333333,0.03249828709039705,0.14150392685074423,0.10085872846117515,0.21749775302030633,0.17135309521701197,0.2651361580959605,0.011106889822936963,0.16345188246850612,0.1493296671659865,0.28385524274378415,False
4,haiku,C,298,0.23145290827740492,0.20214060402684564,-0.02931230425055929,-0.08064848335179034,0.019460556261770234,0.10152226022096612,0.10061834380587953,0.06654298640629602,0.13426695479470988,-0.10269755451501993,0.04114415128688025,0.05211733292704058,0.1517308847293147,False
4,sonnet,A,300,0.0739134814814815,0.15997314814814814,0.08605966666666667,0.0644427950913242,0.1085419831314879,0.10085872846117515,0.059114419686973015,0.03184130791237841,0.08545208132235296,0.057068141427287944,0.1183240581326135,0.021963284694002924,0.09781428994186124,False
4,sonnet,B,300,0.0739134814814815,0.23413425925925926,0.1602207777777778,0.13360871893807025,0.18751633223953282,0.10085872846117515,0.1332755307980841,0.09916553423959866,0.1666955453956591,0.1241184380492781,0.1974909098863325,0.08603277358008717,0.18074294638357272,False
4,sonnet,C,300,0.0739134814814815,0.11546081481481482,0.04154733333333333,0.029543572834760324,0.05365614556185951,0.10085872846117515,0.014602086353639673,-0.0068039762075938065,0.03550428590791474,0.025181693133718132,0.05914117686047101,-0.01569237873377523,0.04391884704910983,False
4,opus,A,300,0.07233992592592592,0.09025925925925925,0.017919333333333336,0.009326796004566214,0.026929542066693773,0.10085872846117515,-0.01059946920191588,-0.027375541895740558,0.006257397841838331,0.006133507551168618,0.031018332297622027,-0.03308175871835045,0.012235802573797765,False
4,opus,B,300,0.07233992592592592,0.2768138148148149,0.2044738888888889,0.17484229301346801,0.23465280728710242,0.10085872846117515,0.17595508635363968,0.13952568549837058,0.2123799428972029,0.1628839971642978,0.24665817906484072,0.12359962654314492,0.2289061796234756,False
4,opus,C,300,0.07233992592592592,0.12561748148148147,0.05327755555555555,0.041659522399875124,0.06463959780119102,0.10085872846117515,0.024758753020306338,0.0024443633440844456,0.0462624090066178,0.036306711601487025,0.06896942209246815,-0.007808625601892038,0.05692850033897226,False
