threshold,theta,beta,decoupled,recalibrated,ideal,order_ok,dec_gt_ideal
3,0.5,5,0.26259562021424493,0.09561974263981841,0.018077217917006415,True,True
3,0.5,10,0.3403898462281985,0.08500614986750996,0.031341537298548126,True,True
3,0.5,20,0.4007818245684246,0.08407011233184536,0.04681168704519643,True,True
3,0.6,5,0.19907427871499225,0.05698613466684365,0.008183472206589838,True,True
3,0.6,10,0.24578522883282666,0.043885822042902894,0.0064576169393488715,True,True
3,0.6,20,0.29803040222304267,0.04350441320753734,0.028550114894572362,True,True
3,0.7,5,0.13777228488639878,0.03365040163516409,0.005057910579078965,True,True
3,0.7,10,0.14206117636478768,0.020801046869469045,0.00015720453053639843,True,True
3,0.7,20,0.1582934132945855,0.02053146514222325,1.4348257707163664e-07,True,True
3,0.8,5,0.08620997119038068,0.019968675394752777,0.003103572785588451,True,True
3,0.8,10,0.06328795526856588,0.008642896123349956,5.78656393288466e-05,True,True
3,0.8,20,0.05129297132682425,0.00886520584625219,1.9418269169107625e-08,True,True
4,0.5,5,0.11648471998392355,0.08592369457595729,0.011648796931899574,True,True
4,0.5,10,0.17048834759527554,0.11986461384905252,0.043269333793734745,True,True
4,0.5,20,0.21601140518510592,0.14171261387804177,0.06448169510446734,True,True
4,0.6,5,0.08110176337890443,0.054017110968948415,0.002923627683322292,True,True
4,0.6,10,0.11075539134693234,0.08095906780604464,0.01113345970061821,True,True
4,0.6,20,0.14735268921008432,0.10652171285332884,0.04332692285674703,True,True
4,0.7,5,0.05217726884723705,0.02934373903836323,0.0018069893824355122,True,True
4,0.7,10,0.05580535538911615,0.04289206812843644,5.616289831714644e-05,True,True
4,0.7,20,0.06723449917464694,0.0648180562850451,5.126059254692187e-08,True,True
4,0.8,5,0.03146002040956569,0.01389740824240457,0.00110878256613927,True,True
4,0.8,10,0.022349635897875416,0.014784414724037347,2.0673081154809432e-05,True,True
4,0.8,20,0.0179031692757192,0.025457829599876663,6.93737179913566e-09,False,True
