threshold,config,feature_set,estimator,n,PAD_B_raw,PAD_B_p_only,PAD_B_features_only,PAD_B_features+p,ablation_gap,ablation_lo,ablation_hi,recal_gain_vs_raw,gain_lo,gain_hi,gap_closed_frac
3,haiku:standard,vignette,gbt,1412,0.17959169027384325,0.0914210943339637,0.0654737474360244,0.06592304889004477,-0.00044930145402036475,-0.0037714429678190283,0.0030670374004293966,0.1136686413837985,0.08306762769822444,0.14906509742281324,0.9960628325147877
3,haiku:standard,vignette,ridge,1412,0.17959169027384325,0.09772641590751235,0.07551096704927551,0.07562538505879453,-0.0001144180095190232,-0.0005262837967417623,0.00033476866664710947,0.10396630521504871,0.07170829694616443,0.13996800885641075,0.998900680106996
3,haiku:standard,extended,gbt,1412,0.17959169027384325,0.0914210943339637,0.062190387014225884,0.06182134355670333,0.000369043457522563,-0.0012479301603079297,0.001989038484549781,0.11777034671713993,0.08667752257902504,0.15399242529102602,1.0031434357820241
3,haiku:standard,extended,ridge,1412,0.17959169027384325,0.09772641590751235,0.07065536642529295,0.07082920712085841,-0.00017384069556545962,-0.0004166681650926685,6.0572869410783846e-05,0.10876248315298484,0.0768983083897236,0.14448970384192178,0.99840419899053
3,haiku:thinking,vignette,gbt,1413,0.18082380278367538,0.09062478911394602,0.06596531924810957,0.06620786172541249,-0.00024254247730291477,-0.0033530094681343105,0.002536705295566059,0.11461594105826292,0.08463543508144915,0.14655603142275198,0.9978883364133236
3,haiku:thinking,vignette,ridge,1413,0.18082380278367538,0.09850285368229052,0.0755687593392166,0.07601269266045312,-0.00044393332123653177,-0.0007811830717670247,-9.201359790914085e-05,0.10481111012322229,0.07392056562334522,0.13795045030358685,0.9957823083178834
3,haiku:thinking,extended,gbt,1413,0.18082380278367538,0.09062478911394602,0.06231606279611151,0.06204335122549368,0.000272711570617826,-0.0019487833521131658,0.002442978585347802,0.1187804515581817,0.08886491937409197,0.1515966194865446,1.0023012131582836
3,haiku:thinking,extended,ridge,1413,0.18082380278367538,0.09850285368229052,0.07072508999668976,0.07112999530086658,-0.00040490530417682067,-0.0008005224986332769,-1.4577091825754133e-05,0.10969380748280881,0.07958274125940024,0.14197400641133293,0.996322342978158
3,sonnet:standard,vignette,gbt,1413,0.15020891719745222,0.0833057274135817,0.06596531924810957,0.0680007056224768,-0.0020353863743672322,-0.00488057622046652,0.0007961007817558263,0.08220821157497543,0.0674544961930455,0.09764103788036609,0.9758392753406478
3,sonnet:standard,vignette,ridge,1413,0.15020891719745222,0.08067052612350188,0.0755687593392166,0.07552618359047662,4.257574873995817e-05,-0.0009283892104857964,0.0009527753996498622,0.0746827336069756,0.06001071002673929,0.08971565295891859,1.0005704134337556
3,sonnet:standard,extended,gbt,1413,0.15020891719745222,0.0833057274135817,0.06231606279611151,0.06323521273545513,-0.0009191499393436272,-0.0028970844488997636,0.0008919152585804459,0.08697370446199709,0.07272190618738537,0.102253392877966,0.9895423815098034
3,sonnet:standard,extended,ridge,1413,0.15020891719745222,0.08067052612350188,0.07072508999668976,0.0706493853572471,7.570463944265443e-05,-0.0008004145653451293,0.0009162247095216628,0.07955953184020512,0.06545693176412591,0.09395170172079813,1.0009524533745895
3,sonnet:thinking,vignette,gbt,1413,0.16897419202642133,0.07827098299761091,0.06596531924810957,0.06663866462674095,-0.0006733453786313791,-0.002631771299702602,0.0015385821733049456,0.10233552739968038,0.08359741901618067,0.12390964062876693,0.9934632293270453
3,sonnet:thinking,vignette,ridge,1413,0.16897419202642133,0.07910920069455017,0.0755687593392166,0.07555740708427543,1.1352254941156062e-05,-0.00031358566609714127,0.00035401155126780413,0.09341678494214589,0.07428024005727771,0.1142583518146604,1.0001215374161285
3,sonnet:thinking,extended,gbt,1413,0.16897419202642133,0.07827098299761091,0.06231606279611151,0.06239804003485399,-8.197723874248354e-05,-0.0017618666200538609,0.0017559136048250898,0.10657615199156734,0.08778250226723781,0.12770043819110707,0.999231401869374
3,sonnet:thinking,extended,ridge,1413,0.16897419202642133,0.07910920069455017,0.07072508999668976,0.07078346535830586,-5.8375361616105145e-05,-0.0003065322612631845,0.00019405600006399535,0.09819072666811546,0.07883418619456624,0.11880551005364491,0.9994058433063497
3,opus:standard,vignette,gbt,1413,0.15776237320122669,0.08233978957996883,0.06596531924810957,0.0664027586416001,-0.00043743939349052675,-0.002689046697405347,0.0016472965037192518,0.09135961455962661,0.07602341348192442,0.10821527495413277,0.9952347120669696
3,opus:standard,vignette,ridge,1413,0.15776237320122669,0.08065519790409048,0.0755687593392166,0.07564613737349651,-7.737803427992474e-05,-0.000489581375475042,0.00035109905887566444,0.08211623582773019,0.06589118948629442,0.09907466937072296,0.9990585882449479
3,opus:standard,extended,gbt,1413,0.15776237320122669,0.08233978957996883,0.06231606279611151,0.06263164859923581,-0.00031558580312430904,-0.0022759582518235406,0.0014850295813009667,0.09513072460199089,0.07951596147283058,0.11194258732133074,0.9966935777634063
3,opus:standard,extended,ridge,1413,0.15776237320122669,0.08065519790409048,0.07072508999668976,0.07081082236443384,-8.573236774407407e-05,-0.0004626658925566818,0.00032795815400397526,0.08695155083679286,0.07129500476137793,0.10302911968173893,0.9990149926033123
3,opus:thinking,vignette,gbt,1413,0.17530207596131162,0.07689019867928455,0.06596531924810957,0.0678278703589828,-0.001862551110873234,-0.004606660577337807,0.0006276080084565846,0.10747420560232883,0.08967233116259075,0.12584224225015284,0.9829650049364567
3,opus:thinking,vignette,ridge,1413,0.17530207596131162,0.07892282914063689,0.0755687593392166,0.0756439805355296,-7.522119631302312e-05,-0.00027864764714276465,0.00012556145508978568,0.09965809542578201,0.08055666693461311,0.1182930878801463,0.9992457766485594
3,opus:thinking,extended,gbt,1413,0.17530207596131162,0.07689019867928455,0.06231606279611151,0.06358107105609291,-0.0012650082599814055,-0.0033087709607538427,0.0005924804634059532,0.11172100490521872,0.09381769047727713,0.13071154029645954,0.9888038508082253
3,opus:thinking,extended,ridge,1413,0.17530207596131162,0.07892282914063689,0.07072508999668976,0.07082065694800642,-9.556695131664925e-05,-0.00021951550618669403,2.107278338498472e-05,0.10448141901330522,0.0855852367911663,0.12293214895016279,0.9990861569547531
3,gemini:standard,vignette,gbt,1413,0.13547298891247936,0.08361519495557036,0.06596531924810957,0.06675729507229955,-0.0007919758241899938,-0.0033963132741361476,0.0015699371949583275,0.0687156938401798,0.05431336255961046,0.08442117845148207,0.9886059217923119
3,gemini:standard,vignette,ridge,1413,0.13547298891247936,0.08581738884489387,0.0755687593392166,0.07596746460898637,-0.00039870526976979457,-0.0008641802599062147,-1.4885953064166206e-05,0.05950552430349297,0.04318735708549742,0.07666710471061244,0.9933442884983245
3,gemini:standard,extended,gbt,1413,0.13547298891247936,0.08361519495557036,0.06231606279611151,0.062499805136617834,-0.00018374234050633163,-0.0014630489118501687,0.0009480158327385772,0.07297318377586151,0.057337651956121366,0.08924198181635598,0.9974883807964533
3,gemini:standard,extended,ridge,1413,0.13547298891247936,0.08581738884489387,0.07072508999668976,0.07109070269510431,-0.00036561269841455023,-0.0007791241653346118,-6.69021352380258e-06,0.06438228621737505,0.04862828280340297,0.08098477723203137,0.9943532886080202
3,gemini:thinking,vignette,gbt,1413,0.13997850908233075,0.09274217183835105,0.06596531924810957,0.06686351930898819,-0.0008982000608786214,-0.0034036038233267447,0.001624614781746887,0.07311498977334255,0.05693852287580841,0.09035626511155939,0.9878643244144664
3,gemini:thinking,vignette,ridge,1413,0.13997850908233075,0.0962189963750941,0.0755687593392166,0.0756800290223153,-0.00011126968309871405,-0.0004910823425827383,0.0002213125394275682,0.06429848006001543,0.04788711831665449,0.0814894955202297,0.9982724714264148
3,gemini:thinking,extended,gbt,1413,0.13997850908233075,0.09274217183835105,0.06231606279611151,0.062325423750173005,-9.360954061497585e-06,-0.0018755250285233654,0.0016221589602079963,0.07765308533215773,0.06156290941651494,0.09523601707859711,0.9998794661447183
3,gemini:thinking,extended,ridge,1413,0.13997850908233075,0.0962189963750941,0.07072508999668976,0.07082457299108505,-9.948299439529493e-05,-0.0004152328890510027,0.00017673047336482758,0.06915393609124568,0.052529303996956635,0.08681933528239853,0.9985634933883587
3,deepseek:standard,vignette,gbt,1413,0.11620665251238499,0.07811864572120102,0.06596531924810957,0.0667900888084593,-0.0008247695603497272,-0.0024882637552258806,0.0006343501574794115,0.049416563703925706,0.034287235879387014,0.06504314076228443,0.983583844082892
3,deepseek:standard,vignette,ridge,1413,0.11620665251238499,0.08233971418384449,0.0755687593392166,0.07562020901812415,-5.1449678907553725e-05,-0.00018786858871929814,8.689309985280468e-05,0.04058644349426086,0.02461358651965712,0.056727142318519566,0.9987339481727483
3,deepseek:standard,extended,gbt,1413,0.11620665251238499,0.07811864572120102,0.06231606279611151,0.06255366098360571,-0.00023759818749419524,-0.0012988227850293324,0.0007568871036992591,0.053652991528779295,0.037132400641581645,0.07146673190234698,0.995591100621739
3,deepseek:standard,extended,ridge,1413,0.11620665251238499,0.08233971418384449,0.07072508999668976,0.07063972517206599,8.53648246237726e-05,-0.0002571623387680377,0.0004106347356289666,0.04556692734031901,0.028894513357754722,0.06227007722432597,1.0018769105523655
3,deepseek:thinking,vignette,gbt,1413,0.18539056381221986,0.08644562827524983,0.06596531924810957,0.06601858867966574,-5.326943155616853e-05,-0.0026003402002748844,0.0028164016199259344,0.11937197513255414,0.1025015829322888,0.13494009848853367,0.999553951664486
3,deepseek:thinking,vignette,ridge,1413,0.18539056381221986,0.09883533687616221,0.0755687593392166,0.07513833422854471,0.0004304251106718764,-0.0009969411549486764,0.0019202846613179596,0.11025222958367514,0.09504276848608786,0.12513539293310524,1.0039193046657477
3,deepseek:thinking,extended,gbt,1413,0.18539056381221986,0.08644562827524983,0.06231606279611151,0.062220338444068414,9.57243520430966e-05,-0.0018119369487344824,0.002250506809015757,0.12317022536815146,0.10661595084996862,0.13761369962721318,1.0007777756663874
3,deepseek:thinking,extended,ridge,1413,0.18539056381221986,0.09883533687616221,0.07072508999668976,0.0705123980459539,0.0002126919507358616,-0.0009395643910972526,0.0013412335351122282,0.11487816576626596,0.09989608596621494,0.12868224082869015,1.0018548909594012
4,haiku:standard,vignette,gbt,1412,0.21709621498268808,0.08392407857578134,0.04591856303948259,0.04477900565421585,0.0011395573852667465,-0.0001559110820835483,0.002538680006619702,0.17231720932847222,0.09476894221964874,0.2569737887281546,1.006657162148975
4,haiku:standard,vignette,ridge,1412,0.21709621498268808,0.09639576035274798,0.04984726062225921,0.049820528886078214,2.6731736180981846e-05,-0.00039092031829868136,0.0004819228202294939,0.16727568609660984,0.0896446090535852,0.2502483947767232,1.0001598320078187
4,haiku:standard,extended,gbt,1412,0.21709621498268808,0.08392407857578134,0.03917528808173037,0.03844461194135714,0.0007306761403732306,-0.0004618191203889373,0.0018835546515441662,0.17865160304133096,0.09950733401616163,0.2616170597839826,1.0041067464805866
4,haiku:standard,extended,ridge,1412,0.21709621498268808,0.09639576035274798,0.04060942503601472,0.040690956562117214,-8.153152610249404e-05,-0.00017689701256419057,2.1338688908778685e-05,0.17640525842057087,0.098155692857881,0.25835117066616653,0.999538030432039
4,haiku:thinking,vignette,gbt,1413,0.21956505465125423,0.08011205418802227,0.04581086816094012,0.04591645015293045,-0.00010558199199032649,-0.0014349411338446618,0.0010813493998690982,0.17364860449832378,0.09259077862101216,0.2622290040522837,0.9993923485003557
4,haiku:thinking,vignette,ridge,1413,0.21956505465125423,0.09719178726703671,0.049823433071109195,0.04996487289835719,-0.000141439827247996,-0.0002894506610457989,3.2063335092617135e-05,0.16960018175289704,0.09040181081865169,0.2595300972500896,0.9991667345584936
4,haiku:thinking,extended,gbt,1413,0.21956505465125423,0.08011205418802227,0.03939271165347475,0.039790871289815115,-0.0003981596363403655,-0.0014315813813248026,0.0005620228226438098,0.1797741833614391,0.09942152648281882,0.26922201042149047,0.9977901178964782
4,haiku:thinking,extended,ridge,1413,0.21956505465125423,0.09719178726703671,0.04059073697013064,0.04070709069934462,-0.00011635372921398309,-0.0003190234694430799,8.731736255942301e-05,0.17885796395190962,0.09864157705777601,0.26778665375860644,0.9993498858902131
4,sonnet:standard,vignette,gbt,1413,0.07643896359204215,0.06353220704249374,0.04581086816094012,0.04654604517002307,-0.0007351770090829517,-0.0025116422250126566,0.0008674237205576376,0.02989291842201908,0.020909099190467895,0.03971064416132006,0.9759966462577885
4,sonnet:standard,vignette,ridge,1413,0.07643896359204215,0.06404275265819381,0.049823433071109195,0.049592630751399344,0.00023080231970985164,-0.0003872663474672521,0.0007966827231256421,0.0268463328406428,0.018954793641682188,0.035514410698615106,1.0086717159189567
4,sonnet:standard,extended,gbt,1413,0.07643896359204215,0.06353220704249374,0.03939271165347475,0.03868636842799811,0.0007063432254766476,-0.000505326608263352,0.0018670344552950034,0.03775259516404404,0.027793126281545327,0.04804969752774628,1.0190665232922334
4,sonnet:standard,extended,ridge,1413,0.07643896359204215,0.06404275265819381,0.04059073697013064,0.04040722259587911,0.00018351437425153486,-0.0002407540681431502,0.0006174071498856928,0.03603174099616305,0.026925739821063683,0.04507533231127402,1.0051192036969372
4,sonnet:thinking,vignette,gbt,1413,0.07632950381379255,0.06965527900412644,0.04581086816094012,0.0461179481005126,-0.0003070799395724815,-0.001867616134571995,0.001297928178167749,0.030211555713279954,0.020954845346316794,0.04074500395813019,0.9899379532209273
4,sonnet:thinking,vignette,ridge,1413,0.07632950381379255,0.07156745399392096,0.049823433071109195,0.0495985292807647,0.00022490379034450505,-0.0003929329436317755,0.0008688722520182425,0.02673097453302787,0.01880299424204441,0.0358075774298482,1.0084849917035168
4,sonnet:thinking,extended,gbt,1413,0.07632950381379255,0.06965527900412644,0.03939271165347475,0.03875076240624997,0.0006419492472247839,-0.00042997707594783955,0.0016994217801662257,0.037578741407542596,0.0267765565489646,0.04816876191332911,1.0173796696919026
4,sonnet:thinking,extended,ridge,1413,0.07632950381379255,0.07156745399392096,0.04059073697013064,0.040562606625687364,2.8130344443281097e-05,-0.00044388809434232456,0.0005060780796840964,0.0357668971881052,0.026749792218383358,0.04602338848047501,1.0007871101027723
4,opus:standard,vignette,gbt,1413,0.07344276165762365,0.06756173980420813,0.04581086816094012,0.0460499155947517,-0.00023904743381158766,-0.0018958325456806837,0.0011481657847858665,0.027392846062871942,0.01977521540192587,0.0356742497633712,0.9913488580201616
4,opus:standard,vignette,ridge,1413,0.07344276165762365,0.06463891701698901,0.049823433071109195,0.04985523018267728,-3.1797111568086205e-05,-0.00026384611846722456,0.0001911463691526903,0.023587531474946365,0.01736516404092608,0.03010447645823109,0.9986537673392527
4,opus:standard,extended,gbt,1413,0.07344276165762365,0.06756173980420813,0.03939271165347475,0.03956807326332467,-0.0001753616098499141,-0.0012884324919034797,0.0009323628172203368,0.03387468839429899,0.025198346349295762,0.041862397866116154,0.9948498868627638
4,opus:standard,extended,ridge,1413,0.07344276165762365,0.06463891701698901,0.04059073697013064,0.040662831896370655,-7.209492624000553e-05,-0.000285924393669396,0.00013167565634548655,0.032779929761253004,0.02514859749796629,0.04038479244287559,0.9978054647491038
4,opus:thinking,vignette,gbt,1413,0.07242384210112449,0.06659227864683777,0.04581086816094012,0.04586290550695347,-5.2037346013345854e-05,-0.001326976163624062,0.0011061683312154505,0.02656093659417101,0.017848385365242095,0.03514457253383771,0.9980446624969345
4,opus:thinking,vignette,ridge,1413,0.07242384210112449,0.06826153406005837,0.049823433071109195,0.04966820818785064,0.00015522488325855338,-0.00035488973135723085,0.0007272682753707354,0.022755633913273836,0.015862841589732068,0.029706998062971734,1.0068682333603962
4,opus:thinking,extended,gbt,1413,0.07242384210112449,0.06659227864683777,0.03939271165347475,0.0392663797090028,0.00012633194447195622,-0.0009810277009110215,0.0011636262360424814,0.03315746239212168,0.023517448174912962,0.04219539448226685,1.0038246327860978
4,opus:thinking,extended,ridge,1413,0.07242384210112449,0.06826153406005837,0.04059073697013064,0.04059798169309698,-7.2447229663344975e-06,-0.00026441142919646747,0.000279487241607831,0.0318258604080275,0.02376066776121877,0.03961263040427353,0.9997724154481151
4,gemini:standard,vignette,gbt,1413,0.10139753872768736,0.07039169128261269,0.04581086816094012,0.046371072171123816,-0.0005602040101837014,-0.001900906674088931,0.0006847845462350849,0.05502646655656352,0.03827290858649465,0.07578440604494521,0.9899219722197425
4,gemini:standard,vignette,ridge,1413,0.10139753872768736,0.07494842373301155,0.049823433071109195,0.04998453631274772,-0.0001611032416385286,-0.000392214130515587,1.3920840017511839e-05,0.05141300241493963,0.035429627038464695,0.07150799003955023,0.9968762765812891
4,gemini:standard,extended,gbt,1413,0.10139753872768736,0.07039169128261269,0.03939271165347475,0.03966255334287048,-0.0002698416893957288,-0.0010008442163885036,0.0004372825994242446,0.06173498538481687,0.04458996795677984,0.0824225206776806,0.9956480535124668
4,gemini:standard,extended,ridge,1413,0.10139753872768736,0.07494842373301155,0.04059073697013064,0.04068604956032647,-9.531259019582835e-05,-0.0002751030449162535,4.323804577004676e-05,0.06071148916736089,0.04301125117258045,0.08198015457555931,0.9984325340678851
4,gemini:thinking,vignette,gbt,1413,0.17327743964771566,0.08730844643427058,0.04581086816094012,0.04564610528500097,0.00016476287593915651,-0.0019364425465468163,0.0019568066023163463,0.12763133436271468,0.08124322327969338,0.17460795798682063,1.001292596749229
4,gemini:thinking,vignette,ridge,1413,0.17327743964771566,0.09105001475308419,0.049823433071109195,0.049912001888643406,-8.856881753420807e-05,-0.00034336488719764676,0.00017736735871972528,0.12336543775907227,0.07643945738532842,0.16988916972540993,0.9992825764024171
4,gemini:thinking,extended,gbt,1413,0.17327743964771566,0.08730844643427058,0.03939271165347475,0.038536467253797384,0.0008562443996773681,-0.0002686981315117606,0.0020035579014171054,0.13474097239391827,0.08695400947134631,0.1814889985997986,1.0063953851384317
4,gemini:thinking,extended,ridge,1413,0.17327743964771566,0.09105001475308419,0.04059073697013064,0.04065416782251896,-6.343085238832242e-05,-0.00024932695419992244,0.00012405171840033794,0.13262327182519668,0.08553692410006775,0.17971776456861624,0.9995219501946442
4,deepseek:standard,vignette,gbt,1413,0.11391346229456634,0.07159795980843725,0.04581086816094012,0.04574072524956132,7.014291137880365e-05,-0.0016950718323573302,0.0016327760173186511,0.06817273704500501,0.04718200536429781,0.09164743865278276,1.00102995946441
4,deepseek:standard,vignette,ridge,1413,0.11391346229456634,0.07624495456142408,0.049823433071109195,0.04974551687613569,7.791619497351028e-05,-0.0002884509373150174,0.00043463946787162356,0.06416794541843064,0.04431573416679199,0.08579510004895115,1.0012157303705052
4,deepseek:standard,extended,gbt,1413,0.11391346229456634,0.07159795980843725,0.03939271165347475,0.039135321583485976,0.0002573900699887779,-0.00034737314440673326,0.0008910527178418105,0.07477814071108035,0.055167903987967185,0.09442974601510266,1.003453938235652
4,deepseek:standard,extended,ridge,1413,0.11391346229456634,0.07624495456142408,0.04059073697013064,0.04062512273716464,-3.438576703400222e-05,-9.229779911836152e-05,1.7428945732254604e-05,0.07328833955740169,0.05214464767639247,0.09469808658836343,0.9995310353388821
4,deepseek:thinking,vignette,gbt,1413,0.1674297633089565,0.07888380230510592,0.04581086816094012,0.04614996297373602,-0.000339094812795887,-0.0019256229529687554,0.001350771499449029,0.12127980033522051,0.025642123763486912,0.1824153654062249,0.9972118245903878
4,deepseek:thinking,vignette,ridge,1413,0.1674297633089565,0.09602415657913604,0.049823433071109195,0.049280435467068666,0.0005429976040405357,-0.00010613045898605427,0.00130155755443061,0.11814932784188786,0.023755595064374586,0.17971877025236982,1.0046170780343402
4,deepseek:thinking,extended,gbt,1413,0.1674297633089565,0.07888380230510592,0.03939271165347475,0.04009610093790297,-0.0007033892844282253,-0.0017780673715734956,0.00019741015854844496,0.12733366237105354,0.033811856249138066,0.19023110082352246,0.9945063614373058
4,deepseek:thinking,extended,ridge,1413,0.1674297633089565,0.09602415657913604,0.04059073697013064,0.04039502420985616,0.00019571276027447867,-0.00027047158243805985,0.0007035705881233411,0.12703473909910035,0.03102865418592999,0.19071011417371722,1.001543001124525
