threshold,config,headline,estimator,variable,n,R2_var_on_features,R2_f_on_features,raw_r_var_f,partial_r,partial_lo,partial_hi
3,haiku:standard,False,linear,p,1412,0.01859956339094493,0.23408481304511874,0.10963932900947979,0.030512869628053198,-0.07449137895560137,0.13553387823579666
3,haiku:standard,False,linear,c,1412,0.01905917687990255,0.23408481304511874,0.013422806241799529,-0.05094164772798486,-0.15245549433296374,0.05938570386029886
3,haiku:standard,False,linear,a,1412,0.6045104146814568,0.23408481304511874,0.2712740714183555,-0.03980787552755337,-0.09618934303077045,0.022557735492126245
3,haiku:standard,False,gbt,p,1412,-0.005668334082729709,0.33587549656419846,0.10963932900947979,0.05254422350735132,-0.04670360172522438,0.1443953574531544
3,haiku:standard,False,gbt,c,1412,-0.029664954449912795,0.33587549656419846,0.013422806241799529,-0.05637369296470874,-0.1461855682214466,0.0417496625925368
3,haiku:standard,False,gbt,a,1412,0.6705399100377885,0.33587549656419846,0.2712740714183555,-0.01655469035285608,-0.060996690456368095,0.03665432228955387
3,haiku:thinking,False,linear,p,1413,0.013172721350251826,0.2336408397893618,0.07905855286734419,0.0044737593098974765,-0.09489975875695593,0.10625257781236142
3,haiku:thinking,False,linear,c,1413,0.0340298894128539,0.2336408397893618,0.03675572653553722,-0.01948500060959307,-0.12516961052968997,0.08861752016560379
3,haiku:thinking,False,linear,a,1413,0.5471678450381183,0.2336408397893618,0.2610952246942363,-0.040864989427849094,-0.09953566453919942,0.0181638816079457
3,haiku:thinking,False,gbt,p,1413,0.02995326801461584,0.33101340158832715,0.07905855286734419,0.02796520055517981,-0.07908329717487307,0.12199314182889219
3,haiku:thinking,False,gbt,c,1413,0.019264200561678657,0.33101340158832715,0.03675572653553722,-0.031197395120128278,-0.12610838648975425,0.07445531408077687
3,haiku:thinking,False,gbt,a,1413,0.5456307073048324,0.33101340158832715,0.2610952246942363,-0.02631231668440621,-0.07992824910811505,0.02885883092522045
3,sonnet:standard,True,linear,p,1413,0.7950477966827544,0.2336408397893618,0.42978296671437793,0.07356457801417404,-0.027502820411101577,0.1626221690463178
3,sonnet:standard,True,linear,c,1413,0.09749259849657699,0.2336408397893618,-0.2560945958930253,-0.10363088399283522,-0.1974364207527171,0.0007800154835295554
3,sonnet:standard,True,linear,a,1413,0.6647866375709925,0.2336408397893618,0.34973501827622666,-0.012706641612499672,-0.07821422106096575,0.046913403346105095
3,sonnet:standard,True,gbt,p,1413,0.8197458543290616,0.33101340158832715,0.42978296671437793,0.04352877575814698,-0.04862317156601853,0.12973856001777587
3,sonnet:standard,True,gbt,c,1413,0.5671667420776381,0.33101340158832715,-0.2560945958930253,-0.03500365564099817,-0.1203648425990658,0.05451375034104264
3,sonnet:standard,True,gbt,a,1413,0.714240015910369,0.33101340158832715,0.34973501827622666,-0.017472644742566306,-0.08679433765111491,0.045065196102813974
3,sonnet:thinking,True,linear,p,1413,0.8518907805545741,0.2336408397893618,0.4475096186215196,0.026629775333444888,-0.05676636045070269,0.10620639558230581
3,sonnet:thinking,True,linear,c,1413,0.4127264207755087,0.2336408397893618,-0.33266979015037074,-0.08420314281767209,-0.16618229806382484,-0.00031371782041358367
3,sonnet:thinking,True,linear,a,1413,0.663350324847059,0.2336408397893618,0.36430565705943235,-0.011373145780857833,-0.10160228556773906,0.07252744431137884
3,sonnet:thinking,True,gbt,p,1413,0.8704984430322608,0.33101340158832715,0.4475096186215196,0.042914772544142735,-0.041043118335083485,0.13022424191300339
3,sonnet:thinking,True,gbt,c,1413,0.7330487612384162,0.33101340158832715,-0.33266979015037074,-0.048569373499081,-0.13576617797263996,0.03920729584007771
3,sonnet:thinking,True,gbt,a,1413,0.7315916672598752,0.33101340158832715,0.36430565705943235,0.002188731834681003,-0.087653928945403,0.09661803336896399
3,opus:standard,True,linear,p,1413,0.8923407772379239,0.2336408397893618,0.4294212046971429,0.03970960140014043,-0.02553608402808765,0.10810499089783085
3,opus:standard,True,linear,c,1413,0.0999852825715336,0.2336408397893618,-0.26269758154846085,-0.11235613920808245,-0.18604820893265478,-0.03103725098543724
3,opus:standard,True,linear,a,1413,0.6906797984955082,0.2336408397893618,0.32371285205012634,-0.042870797129366096,-0.10596406255014051,0.027467326256289115
3,opus:standard,True,gbt,p,1413,0.9056291241065626,0.33101340158832715,0.4294212046971429,0.031246875731694736,-0.03935134138391287,0.09988332209864395
3,opus:standard,True,gbt,c,1413,0.7429130933953006,0.33101340158832715,-0.26269758154846085,-0.036947720278831975,-0.10630825479547773,0.03304138983494208
3,opus:standard,True,gbt,a,1413,0.7413598146041083,0.33101340158832715,0.32371285205012634,-0.0339012268164807,-0.09368268827686614,0.028517118940737763
3,opus:thinking,True,linear,p,1413,0.9207690423011434,0.2336408397893618,0.4490769431264045,0.005639594264240579,-0.08008420819570895,0.08945503587953457
3,opus:thinking,True,linear,c,1413,0.28862112190670164,0.2336408397893618,-0.29674378274155927,-0.08490102193792003,-0.15837956302653086,-0.007894036351117349
3,opus:thinking,True,linear,a,1413,0.6847755674794398,0.2336408397893618,0.35866328945970277,-0.0057823958367392994,-0.07520739897680727,0.0652424134261583
3,opus:thinking,True,gbt,p,1413,0.9342838687463743,0.33101340158832715,0.4490769431264045,-0.005378502773457629,-0.09146841044937565,0.08262726329210583
3,opus:thinking,True,gbt,c,1413,0.8344695676071319,0.33101340158832715,-0.29674378274155927,0.010474066576832572,-0.07058840597739668,0.0837110346905628
3,opus:thinking,True,gbt,a,1413,0.7732055938371906,0.33101340158832715,0.35866328945970277,0.011827000718299483,-0.06493236993459003,0.09604603532403476
3,gemini:standard,False,linear,p,1413,0.6736563915044855,0.2336408397893618,0.3658702363411187,-0.009794041723177415,-0.09313967876934742,0.08258081656692409
3,gemini:standard,False,linear,c,1413,0.4213433247334113,0.2336408397893618,0.03966957968651898,-0.06610022058966193,-0.1715462875233676,0.037395827987663645
3,gemini:standard,False,linear,a,1413,0.5523608821275299,0.2336408397893618,0.3127305033953806,-0.001206258309609499,-0.07642368535442687,0.07211265265868212
3,gemini:standard,False,gbt,p,1413,0.7025177765432176,0.33101340158832715,0.3658702363411187,0.005128442680222893,-0.07570457502771982,0.08098620281314864
3,gemini:standard,False,gbt,c,1413,0.6255606998462131,0.33101340158832715,0.03966957968651898,0.030777525864614956,-0.05393138353118055,0.12138559035074051
3,gemini:standard,False,gbt,a,1413,0.6067305308006492,0.33101340158832715,0.3127305033953806,0.018787832999234394,-0.0565799704039105,0.09056046926328802
3,gemini:thinking,False,linear,p,1413,0.15017501119789944,0.2336408397893618,0.16758010630240366,0.020759567158499012,-0.0747278357614518,0.10787274374328319
3,gemini:thinking,False,linear,c,1413,0.07242050470781414,0.2336408397893618,-0.02892845606387358,-0.031392841982745896,-0.11394551613523748,0.0625356143553069
3,gemini:thinking,False,linear,a,1413,0.2616538812335034,0.2336408397893618,0.18739843986211888,0.05436019707596822,-0.03407817039090569,0.13186396030448685
3,gemini:thinking,False,gbt,p,1413,0.09900845325947538,0.33101340158832715,0.16758010630240366,0.027637012775151275,-0.07689960033460906,0.11491052582775603
3,gemini:thinking,False,gbt,c,1413,0.055448338577048006,0.33101340158832715,-0.02892845606387358,0.010013521182117983,-0.08277885644828577,0.12381089985197179
3,gemini:thinking,False,gbt,a,1413,0.2856735837912888,0.33101340158832715,0.18739843986211888,0.04611624965602779,-0.03635900107545872,0.11754247350079153
3,deepseek:standard,False,linear,p,1413,0.8091099874792556,0.2336408397893618,0.4096035100520417,-0.02591251096545983,-0.08288419182379476,0.04032818223345718
3,deepseek:standard,False,linear,c,1413,0.7465445447300243,0.2336408397893618,0.08697578255309231,-0.0909510990847964,-0.138903522858152,-0.0332356689178692
3,deepseek:standard,False,linear,a,1413,0.7246738016706549,0.2336408397893618,0.360755753332947,-0.0069655563653402445,-0.05498016545027081,0.050246318965109824
3,deepseek:standard,False,gbt,p,1413,0.9005090922388977,0.33101340158832715,0.4096035100520417,-0.01113566638064244,-0.06949481470596137,0.05307919631374952
3,deepseek:standard,False,gbt,c,1413,0.9332200054640692,0.33101340158832715,0.08697578255309231,0.041058448813123566,-0.00607303827824012,0.09515056039734782
3,deepseek:standard,False,gbt,a,1413,0.8568727410875587,0.33101340158832715,0.360755753332947,0.021255005646090723,-0.034236988406898386,0.07887946872364468
3,deepseek:thinking,False,linear,p,1413,0.48873911644232393,0.2336408397893618,-0.07410621721302245,-0.09602220404533392,-0.18000971097081464,0.023282939936613387
3,deepseek:thinking,False,linear,c,1413,0.13640863939186842,0.2336408397893618,-0.1233501273029488,-0.15795991555930222,-0.2255725159857557,-0.08835435424228026
3,deepseek:thinking,False,linear,a,1413,0.26459591392312465,0.2336408397893618,-0.09130489579177477,-0.06080088495724135,-0.15404694963846652,0.09012359994369255
3,deepseek:thinking,False,gbt,p,1413,0.53047205888726,0.33101340158832715,-0.07410621721302245,-0.08952020057990462,-0.18352535408127849,0.008426263883034473
3,deepseek:thinking,False,gbt,c,1413,0.6497039603659973,0.33101340158832715,-0.1233501273029488,-0.07730144683986326,-0.14542346726791294,-0.015608312872766391
3,deepseek:thinking,False,gbt,a,1413,0.360877920639485,0.33101340158832715,-0.09130489579177477,-0.07538687107419068,-0.162116239907264,0.017826083622574936
4,haiku:standard,False,linear,p,1412,0.01859956339094493,0.48610818219874463,0.11406923013361638,0.04279631045235207,-0.055545133593189355,0.14258545664566633
4,haiku:standard,False,linear,c,1412,0.01905917687990255,0.48610818219874463,0.0966673676384772,-0.04387722641065831,-0.1401132955276904,0.054758330839945545
4,haiku:standard,False,linear,a,1412,0.6045104146814568,0.48610818219874463,0.450454157393215,-0.0045090126915238275,-0.10066708959363409,0.09215107298012742
4,haiku:standard,False,gbt,p,1412,-0.005668334082729709,0.5265483494817426,0.11406923013361638,0.018129217926853486,-0.06934906336530476,0.10609673848004929
4,haiku:standard,False,gbt,c,1412,-0.029664954449912795,0.5265483494817426,0.0966673676384772,-0.02608020317830377,-0.1180280356221733,0.062066979046864215
4,haiku:standard,False,gbt,a,1412,0.6705399100377885,0.5265483494817426,0.450454157393215,-0.031418803051398776,-0.1339037807398217,0.06094146231006999
4,haiku:thinking,False,linear,p,1413,0.013172721350251826,0.48627535703467983,0.07622746337518854,0.0043366464462252395,-0.09148544699595242,0.09860693065108181
4,haiku:thinking,False,linear,c,1413,0.0340298894128539,0.48627535703467983,0.12520458645804938,0.0008135681605019629,-0.09525457603485014,0.09559683766830594
4,haiku:thinking,False,linear,a,1413,0.5471678450381183,0.48627535703467983,0.43304180968837236,-0.01163537249209625,-0.10933642619295879,0.07408324453278678
4,haiku:thinking,False,gbt,p,1413,0.02995326801461584,0.5275865465812547,0.07622746337518854,-0.008467552567454215,-0.10378705387872776,0.08151295951934802
4,haiku:thinking,False,gbt,c,1413,0.019264200561678657,0.5275865465812547,0.12520458645804938,0.0004534190385772648,-0.08826219814457177,0.08849601740973707
4,haiku:thinking,False,gbt,a,1413,0.5456307073048324,0.5275865465812547,0.43304180968837236,-0.041921085377470524,-0.12553820621736797,0.041071820903742784
4,sonnet:standard,True,linear,p,1413,0.7950477966827544,0.48627535703467983,0.5879675058558455,0.077738635989432,-0.026674807780880865,0.17426925605318971
4,sonnet:standard,True,linear,c,1413,0.09749259849657699,0.48627535703467983,-0.19164650082512466,-0.00615224889508325,-0.08565259020604303,0.08473010421982136
4,sonnet:standard,True,linear,a,1413,0.6647866375709925,0.48627535703467983,0.5379058889554035,0.06191527720853494,-0.033781176001240316,0.15006632037428122
4,sonnet:standard,True,gbt,p,1413,0.8197458543290616,0.5275865465812547,0.5879675058558455,0.0567428607812632,-0.03361697542467107,0.15287629330756694
4,sonnet:standard,True,gbt,c,1413,0.5671667420776381,0.5275865465812547,-0.19164650082512466,-0.04025229197523915,-0.1207498291858209,0.04438955263392585
4,sonnet:standard,True,gbt,a,1413,0.714240015910369,0.5275865465812547,0.5379058889554035,-0.01888540757239947,-0.1058249399409855,0.06899089559234974
4,sonnet:thinking,True,linear,p,1413,0.8518907805545741,0.48627535703467983,0.5182859577651764,0.07566860380297347,-0.030120476654273438,0.17554585622760832
4,sonnet:thinking,True,linear,c,1413,0.4127264207755087,0.48627535703467983,-0.1985885169675807,-0.012815589564947098,-0.09495549207260237,0.0739140274928532
4,sonnet:thinking,True,linear,a,1413,0.663350324847059,0.48627535703467983,0.5065289755699525,0.06234191082812479,-0.052671696742747166,0.17274365184684298
4,sonnet:thinking,True,gbt,p,1413,0.8704984430322608,0.5275865465812547,0.5182859577651764,0.08456141273274553,-0.01549432318427812,0.18118812071432172
4,sonnet:thinking,True,gbt,c,1413,0.7330487612384162,0.5275865465812547,-0.1985885169675807,-0.040452984768747854,-0.12125633970039787,0.04336371136943522
4,sonnet:thinking,True,gbt,a,1413,0.7315916672598752,0.5275865465812547,0.5065289755699525,0.046405932136515074,-0.053850944392108295,0.14256000998411464
4,opus:standard,True,linear,p,1413,0.8923407772379239,0.48627535703467983,0.5835100776572177,0.02852483099943339,-0.053993721813695064,0.1087416902145792
4,opus:standard,True,linear,c,1413,0.0999852825715336,0.48627535703467983,-0.1924803686268096,-0.02193729028458144,-0.10871476811518126,0.07278142791536257
4,opus:standard,True,linear,a,1413,0.6906797984955082,0.48627535703467983,0.5000036509542218,0.0004978319200249417,-0.08999188051588726,0.09209393902680996
4,opus:standard,True,gbt,p,1413,0.9056291241065626,0.5275865465812547,0.5835100776572177,0.014733341312342229,-0.07326103966128197,0.09570906579359555
4,opus:standard,True,gbt,c,1413,0.7429130933953006,0.5275865465812547,-0.1924803686268096,-0.07123459860537493,-0.14839012460588197,0.01687182345166016
4,opus:standard,True,gbt,a,1413,0.7413598146041083,0.5275865465812547,0.5000036509542218,-0.057534406095867824,-0.15313068731257748,0.047945832746919284
4,opus:thinking,True,linear,p,1413,0.9207690423011434,0.48627535703467983,0.5484665190654217,0.0654573037232479,-0.03871827395302634,0.1623206738993522
4,opus:thinking,True,linear,c,1413,0.28862112190670164,0.48627535703467983,-0.17044934274254842,-0.018319615390773827,-0.10226388322418974,0.06762756393888589
4,opus:thinking,True,linear,a,1413,0.6847755674794398,0.48627535703467983,0.493837952624506,0.03206196953028207,-0.08132060562166797,0.13825166012747364
4,opus:thinking,True,gbt,p,1413,0.9342838687463743,0.5275865465812547,0.5484665190654217,0.008274039138964673,-0.08344607769869525,0.09708577151938018
4,opus:thinking,True,gbt,c,1413,0.8344695676071319,0.5275865465812547,-0.17044934274254842,-0.010073247287904943,-0.08374701969806492,0.06459148602127368
4,opus:thinking,True,gbt,a,1413,0.7732055938371906,0.5275865465812547,0.493837952624506,0.01900533081296053,-0.07691204762996892,0.10918960752038898
4,gemini:standard,False,linear,p,1413,0.6736563915044855,0.48627535703467983,0.48408790721337547,-0.008084347535222523,-0.08309205654129657,0.07305057454258558
4,gemini:standard,False,linear,c,1413,0.4213433247334113,0.48627535703467983,0.31338031654775667,0.04431819334428376,-0.0632971116355854,0.1579400670935931
4,gemini:standard,False,linear,a,1413,0.5523608821275299,0.48627535703467983,0.46472517229837007,0.00026330745105594325,-0.07889976950265097,0.07824321521078922
4,gemini:standard,False,gbt,p,1413,0.7025177765432176,0.5275865465812547,0.48408790721337547,-0.0031498545915956905,-0.08535383835615443,0.08361110006642439
4,gemini:standard,False,gbt,c,1413,0.6255606998462131,0.5275865465812547,0.31338031654775667,0.01910249098077839,-0.07764841010263941,0.11212369087433953
4,gemini:standard,False,gbt,a,1413,0.6067305308006492,0.5275865465812547,0.46472517229837007,-0.007093438932908766,-0.08855885472082059,0.07263298102083199
4,gemini:thinking,False,linear,p,1413,0.15017501119789944,0.48627535703467983,0.25925812418975297,0.017180698273197865,-0.10157557079327122,0.12254620171104393
4,gemini:thinking,False,linear,c,1413,0.07242050470781414,0.48627535703467983,0.11535698573210151,0.04117456578579545,-0.07216053816417112,0.16093359491053597
4,gemini:thinking,False,linear,a,1413,0.2616538812335034,0.48627535703467983,0.3196556137849164,0.04111235948485326,-0.06421562608212372,0.1303285705361407
4,gemini:thinking,False,gbt,p,1413,0.09900845325947538,0.5275865465812547,0.25925812418975297,0.0312851140006417,-0.08133135317072117,0.1259086715416373
4,gemini:thinking,False,gbt,c,1413,0.055448338577048006,0.5275865465812547,0.11535698573210151,0.02650655271447486,-0.06593087247118828,0.13221642253329383
4,gemini:thinking,False,gbt,a,1413,0.2856735837912888,0.5275865465812547,0.3196556137849164,0.01830696567705049,-0.08017675463170441,0.10353698344603265
4,deepseek:standard,False,linear,p,1413,0.8091099874792556,0.48627535703467983,0.4685619903553264,0.04454955108740589,-0.03047179140757328,0.13403571081764476
4,deepseek:standard,False,linear,c,1413,0.7465445447300243,0.48627535703467983,0.40213738875749255,-0.011036489666631037,-0.08679050056319929,0.06710316921537031
4,deepseek:standard,False,linear,a,1413,0.7246738016706549,0.48627535703467983,0.5425216526566891,0.05473345959212605,-0.01722542777494747,0.1402985926819613
4,deepseek:standard,False,gbt,p,1413,0.9005090922388977,0.5275865465812547,0.4685619903553264,0.024714255902665672,-0.04228321210668059,0.11213855675551163
4,deepseek:standard,False,gbt,c,1413,0.9332200054640692,0.5275865465812547,0.40213738875749255,0.05823810821783255,-0.019648992516770873,0.14400802275467992
4,deepseek:standard,False,gbt,a,1413,0.8568727410875587,0.5275865465812547,0.5425216526566891,0.035913110697104664,-0.04083258589142742,0.11537152368124579
4,deepseek:thinking,False,linear,p,1413,0.48873911644232393,0.48627535703467983,0.12921791685143186,-0.09611857201508964,-0.1546259837313913,0.050091665387316034
4,deepseek:thinking,False,linear,c,1413,0.13640863939186842,0.48627535703467983,-0.13859343706383576,-0.021956313369462244,-0.08175930240442253,0.047334010843801205
4,deepseek:thinking,False,linear,a,1413,0.26459591392312465,0.48627535703467983,0.029081386872176443,-0.0928065435439988,-0.14953996076737125,0.034658649237861876
4,deepseek:thinking,False,gbt,p,1413,0.53047205888726,0.5275865465812547,0.12921791685143186,-0.07561500850669803,-0.1321456821319718,0.026977707614128477
4,deepseek:thinking,False,gbt,c,1413,0.6497039603659973,0.5275865465812547,-0.13859343706383576,-0.04816293564729777,-0.11015222950839697,0.019805167382002983
4,deepseek:thinking,False,gbt,a,1413,0.360877920639485,0.5275865465812547,0.029081386872176443,-0.07445279550208388,-0.12828163569769577,0.025141400559428137
