config,map,PAD_B,const_B,gap,gap_lo,gap_hi
sonnet,raw,0.2013671620665251,0.0987270885117744,0.10264007355475072,0.07700877152994492,0.1294821225470562
sonnet,shift,0.0867869249253721,0.0987270885117744,-0.011940163586402304,-0.019494729826666432,-0.0046196544533226944
sonnet,shift_scale,0.08509834552091154,0.0987270885117744,-0.01362874299086287,-0.019308776645476464,-0.008269031587756772
opus,raw,0.13839476291578204,0.0987270885117744,0.03966767440400762,0.022578179981865783,0.05668273013636905
opus,shift,0.08347952385907129,0.0987270885117744,-0.015247564652703112,-0.02333257967901482,-0.007594579282983231
opus,shift_scale,0.08295124399972927,0.0987270885117744,-0.01577584451204513,-0.022354900271299473,-0.00961667937054037
haiku,raw,0.1357006373937677,0.09877027871980948,0.03693035867395821,0.014385061223424611,0.06148745206644387
haiku,shift,0.11068441458192203,0.09877027871980948,0.01191413586211254,-0.0009639314308702964,0.026458648628031583
haiku,shift_scale,0.09580436190359486,0.09877027871980948,-0.0029659168162146253,-0.006599604206500138,0.0010001077620945577
gemini,raw,0.13080856334041047,0.0987270885117744,0.032081474828636075,0.014402097882571081,0.05157307142271308
gemini,shift,0.13042277601129523,0.0987270885117744,0.03169568749952081,0.014543611406725877,0.050381275673945104
gemini,shift_scale,0.09884215132550107,0.0987270885117744,0.00011506281372665594,-0.0008352018359597945,0.0011268583588854753
