,haiku:standard,haiku:thinking,sonnet:standard,sonnet:thinking,opus:standard,opus:thinking,gemini:standard,gemini:thinking,deepseek:standard,deepseek:thinking
haiku:standard,1.0,0.6909429903493908,0.23376087199354134,0.2402709129046571,0.21744232713816783,0.24639419097768697,0.17408269233609672,0.32189517175363097,0.23595396469653357,-0.08005792341620953
haiku:thinking,0.6909429903493908,1.0,0.22466879902959702,0.2000111214689028,0.23453157602069097,0.2227011344246745,0.17164996901193336,0.23369468164780444,0.19445708949191431,-0.11312683949148619
sonnet:standard,0.23376087199354134,0.22466879902959702,1.0,0.847815209090887,0.9379611802375457,0.8815410339504267,0.8048282602134219,0.5044695354060224,0.7440261344544884,0.2267735141940071
sonnet:thinking,0.2402709129046571,0.2000111214689028,0.847815209090887,1.0,0.8595996465389755,0.9293902089364855,0.8961866380020669,0.3783868681208501,0.871362074489707,-0.01683025223182271
opus:standard,0.21744232713816783,0.23453157602069097,0.9379611802375457,0.8595996465389755,0.9999999999999999,0.9179805484772879,0.85391308735284,0.399194520335249,0.7818103589542249,0.22040541908858496
opus:thinking,0.24639419097768697,0.2227011344246745,0.8815410339504267,0.9293902089364855,0.9179805484772879,1.0,0.9220321912457711,0.36846710875181937,0.8714328693577023,0.08918509403772076
gemini:standard,0.17408269233609672,0.17164996901193336,0.8048282602134219,0.8961866380020669,0.85391308735284,0.9220321912457711,1.0,0.30530962241130477,0.880536640613726,0.010106431400193048
gemini:thinking,0.32189517175363097,0.23369468164780444,0.5044695354060224,0.3783868681208501,0.399194520335249,0.36846710875181937,0.30530962241130477,0.9999999999999997,0.30229491110347106,0.17107879955106103
deepseek:standard,0.23595396469653357,0.19445708949191431,0.7440261344544884,0.871362074489707,0.7818103589542249,0.8714328693577023,0.880536640613726,0.30229491110347106,1.0,0.012162368118122541
deepseek:thinking,-0.08005792341620953,-0.11312683949148619,0.2267735141940071,-0.01683025223182271,0.22040541908858496,0.08918509403772076,0.010106431400193048,0.17107879955106103,0.012162368118122541,0.9999999999999999
