config,route,calls,A_answer_rate_range,B_conf_benign_range,A_max,B_max,stable,flag
haiku:standard,API,14,0.15,0.6932519342359768,0.375,0.23896533044420376,False,unstable
haiku:thinking,API,14,0.37,0.6646425120772947,0.375,0.23896533044420376,False,unstable
sonnet:standard,API,14,0.18,0.14774213738069153,0.375,0.23896533044420376,True,stable
sonnet:thinking,API,14,0.24,0.15931022029613584,0.375,0.23896533044420376,True,stable
opus:standard,API,14,0.25,0.10440476190476189,0.375,0.23896533044420376,True,stable
opus:thinking,API,14,0.15999999999999998,0.11362231380629961,0.375,0.23896533044420376,True,stable
gemini:standard,API,14,0.51,0.15722891566265074,0.375,0.23896533044420376,False,unstable
gemini:thinking,API,14,0.72,0.4537988505747126,0.375,0.23896533044420376,False,unstable
deepseek:standard,manual,3,0.040339702760084944,0.042749452313888825,0.375,0.23896533044420376,False,manual / not assessable
deepseek:thinking,manual,3,0.5307855626326964,0.04914818981084046,0.375,0.23896533044420376,False,manual / not assessable
