config,target,n_chunks,sd_chunk_means,sd_null_mean,excess_sd,p_perm
haiku:standard,p,15,0.25311421915546667,0.04790812781314416,0.24853896923444635,0.001996007984031936
haiku:standard,confidence,15,0.2662390583998977,0.049182952428974386,0.26165678551880395,0.001996007984031936
haiku:standard,answer_malignant,15,0.04121313342976384,0.020470046154505678,0.03577009333971503,0.001996007984031936
haiku:thinking,p,15,0.2448043249752977,0.046620637376380024,0.24032410136569998,0.001996007984031936
haiku:thinking,confidence,15,0.25375220175481816,0.047777458377369394,0.24921375236213725,0.001996007984031936
haiku:thinking,answer_malignant,15,0.08778124874298134,0.028455189785158697,0.08304125363436995,0.001996007984031936
sonnet:standard,p,15,0.043717528126067835,0.009346331639182286,0.042706771715314104,0.001996007984031936
sonnet:standard,confidence,15,0.037412584331015415,0.008290044728580115,0.036482552332909514,0.001996007984031936
sonnet:standard,answer_malignant,15,0.05239219311150274,0.026867108654818294,0.044978888064993144,0.001996007984031936
sonnet:thinking,p,15,0.03245196725262406,0.009441145848880297,0.03104826796498566,0.001996007984031936
sonnet:thinking,confidence,15,0.030446379720726783,0.008032805014430669,0.029367602586844243,0.001996007984031936
sonnet:thinking,answer_malignant,15,0.06886465856142596,0.029708333897414164,0.062126935348699834,0.001996007984031936
opus:standard,p,15,0.03347026429476222,0.007042534079566819,0.03272096125879212,0.001996007984031936
opus:standard,confidence,15,0.027020597593587603,0.007032652984110062,0.02608935580499603,0.001996007984031936
opus:standard,answer_malignant,15,0.054380335851665594,0.024949093011503495,0.048319392434542204,0.001996007984031936
opus:thinking,p,15,0.029265618282115963,0.006822498236640653,0.028459267932354745,0.001996007984031936
opus:thinking,confidence,15,0.026179010621167703,0.007825407217900414,0.024982065546652533,0.001996007984031936
opus:thinking,answer_malignant,15,0.050843595789774064,0.027399461570855994,0.04282920427069731,0.001996007984031936
gemini:standard,p,15,0.06657537352645002,0.014718875064631456,0.06492792216772465,0.001996007984031936
gemini:standard,confidence,15,0.02768215111364533,0.0075760128830731285,0.026625279699454905,0.001996007984031936
gemini:standard,answer_malignant,15,0.14592189727302785,0.03714524830413474,0.14111495538100938,0.001996007984031936
gemini:thinking,p,15,0.13063476851020792,0.03043717490400599,0.12703944713189896,0.001996007984031936
gemini:thinking,confidence,15,0.14048422924755,0.026101388902821022,0.1380381692309119,0.001996007984031936
gemini:thinking,answer_malignant,15,0.2980796279259867,0.0636324322582597,0.2912084788418645,0.001996007984031936
deepseek:standard,p,3,0.013367778625666182,0.0038825181634893303,0.012791542443935098,0.001996007984031936
deepseek:standard,confidence,3,0.004887010686306112,0.0033116784857438993,0.003593836258809121,0.12574850299401197
deepseek:standard,answer_malignant,3,0.02587312936606682,0.011276965235047239,0.02328623795894831,0.003992015968063872
deepseek:thinking,p,3,0.14422382843864162,0.011241519496219422,0.14378505113159312,0.001996007984031936
deepseek:thinking,confidence,3,0.0009030895649739104,0.003617846266218845,0.0,0.9281437125748503
deepseek:thinking,answer_malignant,3,0.35803507897803033,0.03075696745763412,0.35671154555412765,0.001996007984031936
