config,chunk,n,answer_agree,mean_conf_run1,mean_conf_run2,d_t3,d_t4
sonnet:standard,1,100,0.99,0.6596,0.7171000000000001,0.03597299999999998,-0.012393666666666685
sonnet:standard,2,100,1.0,0.6905,0.7342,0.029999666666666674,0.003566333333333338
sonnet:standard,3,100,0.98,0.6843,0.6893000000000002,0.003284000000000009,-1.6000000000016e-05
sonnet:standard,4,100,0.98,0.6455,0.6391,-9.33333333330566e-06,0.001390666666666665
sonnet:standard,5,100,0.93,0.7082999999999999,0.7116,0.005340999999999985,0.0019909999999999928
sonnet:standard,6,100,1.0,0.7155999999999999,0.6878,-0.014078666666666712,0.005288000000000001
sonnet:standard,7,100,0.9,0.6134,0.625,0.01486333333333334,-0.013119999999999993
sonnet:standard,8,100,0.98,0.6039,0.6308,0.009622999999999993,-0.00842699999999999
sonnet:standard,9,100,0.97,0.7145000000000001,0.7042,-0.0018996666666666329,0.00991700000000001
sonnet:standard,10,100,0.92,0.6424999999999998,0.6385000000000001,-0.00482733333333335,0.00593933333333331
sonnet:standard,11,100,0.88,0.6826000000000001,0.6823000000000001,-0.014402333333333323,0.002297666666666656
sonnet:standard,12,100,0.99,0.6911999999999999,0.6779999999999999,-0.00628200000000001,0.005901333333333328
sonnet:standard,13,100,0.97,0.6831999999999999,0.6498,-0.015010000000000023,0.018890000000000004
sonnet:standard,14,100,0.99,0.6167999999999999,0.6204999999999999,0.0037469999999999726,-0.0035696666666666654
gemini:standard,1,100,0.91,0.7085000000000001,0.6659999999999999,0.0002583333333333604,0.018841666666666673
gemini:standard,2,100,1.0,0.6934999999999999,0.6745,0.004849999999999993,0.0007666666666666377
gemini:standard,3,100,1.0,0.6825000000000001,0.6825000000000001,0.0,0.0
gemini:standard,4,100,0.95,0.6995,0.7445,0.04516666666666669,-0.004666666666666694
gemini:standard,5,100,1.0,0.7170000000000001,0.7170000000000001,0.0,0.0
gemini:standard,6,100,1.0,0.6519999999999999,0.6519999999999999,0.0,0.0
gemini:standard,7,100,1.0,0.6815000000000001,0.6725,-0.0068000000000000005,0.0012000000000000344
gemini:standard,8,100,0.97,0.6615000000000001,0.662,-0.0009583333333333111,0.0027916666666666923
gemini:standard,9,100,1.0,0.7364999999999999,0.7364999999999999,0.0,0.0
gemini:standard,10,100,0.89,0.686,0.69,-0.006383333333333338,-0.007299999999999973
gemini:standard,11,100,1.0,0.6864999999999999,0.6864999999999999,0.0,0.0
gemini:standard,12,100,1.0,0.6415000000000001,0.67,0.002024999999999985,-0.013225
gemini:standard,13,100,1.0,0.5944999999999999,0.5944999999999999,0.0,0.0
gemini:standard,14,100,1.0,0.6745,0.6745,0.0,0.0
haiku:standard,1,100,1.0,0.21050000000000005,0.20650000000000002,0.00018799999999996597,0.004371333333333283
haiku:standard,2,100,1.0,0.33570000000000005,0.31270000000000003,0.006746000000000002,0.03229599999999999
haiku:standard,3,100,0.98,0.8462999999999999,0.8607,0.0014239999999999808,-0.0004759999999999903
haiku:standard,4,100,1.0,0.2986,0.2908,0.0014506666666666695,0.001517333333333315
haiku:standard,5,99,1.0,0.8142424242424244,0.8312121212121213,0.013842424242424212,0.002259932659932677
haiku:standard,6,100,0.98,0.21540000000000004,0.7878000000000001,0.07840600000000003,-0.36589400000000005
haiku:standard,7,100,1.0,0.30060000000000003,0.29050000000000004,0.0023656666666666687,0.010748999999999953
haiku:standard,8,100,1.0,0.5521999999999999,0.6129000000000001,0.02682233333333328,-0.01426100000000001
haiku:standard,9,100,1.0,0.8038999999999998,0.7878999999999998,-0.01634733333333338,-0.002730666666666659
haiku:standard,10,100,0.99,0.3369,0.3257,0.011218666666666682,0.01935200000000009
haiku:standard,11,100,1.0,0.7658000000000003,0.8106999999999996,0.03337966666666664,0.0017796666666666655
haiku:standard,12,100,0.93,0.8229999999999998,0.24720000000000003,-0.035422666666666575,0.388844
haiku:standard,13,98,0.9897959183673469,0.25418367346938775,0.23418367346938776,0.006130612244897943,0.027644217687074868
haiku:standard,14,100,1.0,0.8035000000000001,0.7731999999999998,-0.007283666666666688,0.0013496666666666865
